dcls_month,fin_co_no,fin_prdt_cd,intr_rate_type,intr_rate_type_nm,save_trm,intr_rate,intr_rate2,kor_co_nm,fin_prdt_nm,join_way,mtrt_int,spcl_cnd,join_deny,join_member,etc_note,max_limit,dcls_strt_day,dcls_end_day,fin_co_subm_day
202508,0010001,WR0001B,S,단리,1,2.45,2.45,우리은행,WON플러스예금,"인터넷,스마트폰,전화(텔레뱅킹)","만기 후
- 1개월이내 : 만기시점약정이율×50%
- 1개월초과 6개월이내: 만기시점약정이율×30%
- 6개월초과 : 만기시점약정이율×20%

※ 만기시점 약정이율 : 일반정기예금 금리",해당사항 없음,제한없음,실명의 개인,"- 가입기간: 1~36개월
- 최소가입금액: 1만원 이상
- 만기일을 일,월 단위로 자유롭게 선택 가능
- 만기해지 시 신규일 당시 영업점과 인터넷 홈페이지에 고시된 계약기간별 금리 적용",,20250820,,202508201124
202508,0010001,WR0001B,S,단리,3,2.45,2.45,우리은행,WON플러스예금,"인터넷,스마트폰,전화(텔레뱅킹)","만기 후
- 1개월이내 : 만기시점약정이율×50%
- 1개월초과 6개월이내: 만기시점약정이율×30%
- 6개월초과 : 만기시점약정이율×20%

※ 만기시점 약정이율 : 일반정기예금 금리",해당사항 없음,제한없음,실명의 개인,"- 가입기간: 1~36개월
- 최소가입금액: 1만원 이상
- 만기일을 일,월 단위로 자유롭게 선택 가능
- 만기해지 시 신규일 당시 영업점과 인터넷 홈페이지에 고시된 계약기간별 금리 적용",,20250820,,202508201124
202508,0010001,WR0001B,S,단리,6,2.45,2.45,우리은행,WON플러스예금,"인터넷,스마트폰,전화(텔레뱅킹)","만기 후
- 1개월이내 : 만기시점약정이율×50%
- 1개월초과 6개월이내: 만기시점약정이율×30%
- 6개월초과 : 만기시점약정이율×20%

※ 만기시점 약정이율 : 일반정기예금 금리",해당사항 없음,제한없음,실명의 개인,"- 가입기간: 1~36개월
- 최소가입금액: 1만원 이상
- 만기일을 일,월 단위로 자유롭게 선택 가능
- 만기해지 시 신규일 당시 영업점과 인터넷 홈페이지에 고시된 계약기간별 금리 적용",,20250820,,202508201124
202508,0010001,WR0001B,S,단리,12,2.45,2.45,우리은행,WON플러스예금,"인터넷,스마트폰,전화(텔레뱅킹)","만기 후
- 1개월이내 : 만기시점약정이율×50%
- 1개월초과 6개월이내: 만기시점약정이율×30%
- 6개월초과 : 만기시점약정이율×20%

※ 만기시점 약정이율 : 일반정기예금 금리",해당사항 없음,제한없음,실명의 개인,"- 가입기간: 1~36개월
- 최소가입금액: 1만원 이상
- 만기일을 일,월 단위로 자유롭게 선택 가능
- 만기해지 시 신규일 당시 영업점과 인터넷 홈페이지에 고시된 계약기간별 금리 적용",,20250820,,202508201124
202508,0010001,WR0001B,S,단리,24,2.4,2.4,우리은행,WON플러스예금,"인터넷,스마트폰,전화(텔레뱅킹)","만기 후
- 1개월이내 : 만기시점약정이율×50%
- 1개월초과 6개월이내: 만기시점약정이율×30%
- 6개월초과 : 만기시점약정이율×20%

※ 만기시점 약정이율 : 일반정기예금 금리",해당사항 없음,제한없음,실명의 개인,"- 가입기간: 1~36개월
- 최소가입금액: 1만원 이상
- 만기일을 일,월 단위로 자유롭게 선택 가능
- 만기해지 시 신규일 당시 영업점과 인터넷 홈페이지에 고시된 계약기간별 금리 적용",,20250820,,202508201124
202508,0010001,WR0001B,S,단리,36,2.4,2.4,우리은행,WON플러스예금,"인터넷,스마트폰,전화(텔레뱅킹)","만기 후
- 1개월이내 : 만기시점약정이율×50%
- 1개월초과 6개월이내: 만기시점약정이율×30%
- 6개월초과 : 만기시점약정이율×20%

※ 만기시점 약정이율 : 일반정기예금 금리",해당사항 없음,제한없음,실명의 개인,"- 가입기간: 1~36개월
- 최소가입금액: 1만원 이상
- 만기일을 일,월 단위로 자유롭게 선택 가능
- 만기해지 시 신규일 당시 영업점과 인터넷 홈페이지에 고시된 계약기간별 금리 적용",,20250820,,202508201124
202508,0010002,00320342,S,단리,1,2.1,2.3,한국스탠다드차타드은행,e-그린세이브예금,"인터넷,스마트폰","만기 후 1개월: 약정이율의 50%
만기 후 1개월 초과 1년 이내: 약정이율의 30%
만기 후 1년 초과: 약정이율의 10%","1.SC제일은행 최초 거래 신규고객에 대하여 우대 이율을 제공함 (보너스이율0.2%)                     2.SC제일마이백통장에서 출금하여 이 예금을 신규하는경우에 보너스이율을 제공함
(가입기간:1년제/ 보너스이율:0.1% / 만기해약하는 경우에 한해 보너스이율을 적용함)",제한없음,개인(개인사업자 포함),"디지털채널 전용상품 (인터넷, 모바일뱅킹)",1000000000.0,20250820,99991231,202508201019
202508,0010002,00320342,S,단리,3,2.5,2.7,한국스탠다드차타드은행,e-그린세이브예금,"인터넷,스마트폰","만기 후 1개월: 약정이율의 50%
만기 후 1개월 초과 1년 이내: 약정이율의 30%
만기 후 1년 초과: 약정이율의 10%","1.SC제일은행 최초 거래 신규고객에 대하여 우대 이율을 제공함 (보너스이율0.2%)                     2.SC제일마이백통장에서 출금하여 이 예금을 신규하는경우에 보너스이율을 제공함
(가입기간:1년제/ 보너스이율:0.1% / 만기해약하는 경우에 한해 보너스이율을 적용함)",제한없음,개인(개인사업자 포함),"디지털채널 전용상품 (인터넷, 모바일뱅킹)",1000000000.0,20250820,99991231,202508201019
202508,0010002,00320342,S,단리,6,2.5,2.7,한국스탠다드차타드은행,e-그린세이브예금,"인터넷,스마트폰","만기 후 1개월: 약정이율의 50%
만기 후 1개월 초과 1년 이내: 약정이율의 30%
만기 후 1년 초과: 약정이율의 10%","1.SC제일은행 최초 거래 신규고객에 대하여 우대 이율을 제공함 (보너스이율0.2%)                     2.SC제일마이백통장에서 출금하여 이 예금을 신규하는경우에 보너스이율을 제공함
(가입기간:1년제/ 보너스이율:0.1% / 만기해약하는 경우에 한해 보너스이율을 적용함)",제한없음,개인(개인사업자 포함),"디지털채널 전용상품 (인터넷, 모바일뱅킹)",1000000000.0,20250820,99991231,202508201019
202508,0010002,00320342,S,단리,12,2.45,2.75,한국스탠다드차타드은행,e-그린세이브예금,"인터넷,스마트폰","만기 후 1개월: 약정이율의 50%
만기 후 1개월 초과 1년 이내: 약정이율의 30%
만기 후 1년 초과: 약정이율의 10%","1.SC제일은행 최초 거래 신규고객에 대하여 우대 이율을 제공함 (보너스이율0.2%)                     2.SC제일마이백통장에서 출금하여 이 예금을 신규하는경우에 보너스이율을 제공함
(가입기간:1년제/ 보너스이율:0.1% / 만기해약하는 경우에 한해 보너스이율을 적용함)",제한없음,개인(개인사업자 포함),"디지털채널 전용상품 (인터넷, 모바일뱅킹)",1000000000.0,20250820,99991231,202508201019
202508,0010016,10511008000996000,S,단리,6,1.45,2.1,아이엠뱅크,iM주거래우대예금(첫만남고객형),"영업점,인터넷,스마트폰","만기 후 1개월 미만 경과 : 약정이자율 x 50%
만기 후 3개월 미만 경과 : 약정이자율 x 25% 
만기 후 3개월 이상 경과 : 약정이자율 x 10%","* 최고우대금리 : 연0.65%p              
 - 목돈굴리기예금 최초 가입시 : 연0.20%p
 - 상품 가입 전 최근 1개월 이내 신용(체크)카드 신규 발급 : 연0.20%p
 - 상품 가입 전 최근 1개월 이내 인터넷.폰.모바일앱뱅킹 가입 : 연0.20%p
 * 해당 상품을 인터넷/모바일뱅킹을 통해 가입 : 연0.05%p",제한없음,실명의 개인,계좌당 가입 최저한도 : 100만원,,20250820,,202508201003
202508,0010016,10511008000996000,S,단리,12,1.99,2.64,아이엠뱅크,iM주거래우대예금(첫만남고객형),"영업점,인터넷,스마트폰","만기 후 1개월 미만 경과 : 약정이자율 x 50%
만기 후 3개월 미만 경과 : 약정이자율 x 25% 
만기 후 3개월 이상 경과 : 약정이자율 x 10%","* 최고우대금리 : 연0.65%p              
 - 목돈굴리기예금 최초 가입시 : 연0.20%p
 - 상품 가입 전 최근 1개월 이내 신용(체크)카드 신규 발급 : 연0.20%p
 - 상품 가입 전 최근 1개월 이내 인터넷.폰.모바일앱뱅킹 가입 : 연0.20%p
 * 해당 상품을 인터넷/모바일뱅킹을 통해 가입 : 연0.05%p",제한없음,실명의 개인,계좌당 가입 최저한도 : 100만원,,20250820,,202508201003
202508,0010016,10511008000996000,S,단리,24,1.81,2.46,아이엠뱅크,iM주거래우대예금(첫만남고객형),"영업점,인터넷,스마트폰","만기 후 1개월 미만 경과 : 약정이자율 x 50%
만기 후 3개월 미만 경과 : 약정이자율 x 25% 
만기 후 3개월 이상 경과 : 약정이자율 x 10%","* 최고우대금리 : 연0.65%p              
 - 목돈굴리기예금 최초 가입시 : 연0.20%p
 - 상품 가입 전 최근 1개월 이내 신용(체크)카드 신규 발급 : 연0.20%p
 - 상품 가입 전 최근 1개월 이내 인터넷.폰.모바일앱뱅킹 가입 : 연0.20%p
 * 해당 상품을 인터넷/모바일뱅킹을 통해 가입 : 연0.05%p",제한없음,실명의 개인,계좌당 가입 최저한도 : 100만원,,20250820,,202508201003
202508,0010016,10511008000996000,S,단리,36,1.83,2.48,아이엠뱅크,iM주거래우대예금(첫만남고객형),"영업점,인터넷,스마트폰","만기 후 1개월 미만 경과 : 약정이자율 x 50%
만기 후 3개월 미만 경과 : 약정이자율 x 25% 
만기 후 3개월 이상 경과 : 약정이자율 x 10%","* 최고우대금리 : 연0.65%p              
 - 목돈굴리기예금 최초 가입시 : 연0.20%p
 - 상품 가입 전 최근 1개월 이내 신용(체크)카드 신규 발급 : 연0.20%p
 - 상품 가입 전 최근 1개월 이내 인터넷.폰.모바일앱뱅킹 가입 : 연0.20%p
 * 해당 상품을 인터넷/모바일뱅킹을 통해 가입 : 연0.05%p",제한없음,실명의 개인,계좌당 가입 최저한도 : 100만원,,20250820,,202508201003
202508,0010016,10511008001004000,S,단리,3,1.25,1.7,아이엠뱅크,iM행복파트너예금(일반형),"영업점,인터넷,스마트폰","만기 후 1개월 미만 경과 : 약정이자율 x 50%
만기 후 3개월 미만 경과 : 약정이자율 x 25% 
만기 후 3개월 이상 경과 : 약정이자율 x 10%","* 최고우대금리 : 연0.45%p
- 지난달 당행 통장으로 연금 입금 실적 보유 : 연0.10%p
- 상품 가입 전 당행 신용(체크)카드 보유 : 연0.10%p
- 지난 3개월 예금 평잔 30만원 이상 : 연0.10%p
- iM행복파트너적금 동시 가입 및 만기 보유 : 연0.10%p
* 해당 상품을 인터넷/모바일뱅킹을 통해 가입 : 연0.05%p",일부제한,만50세 이상 실명의 개인,계좌당 가입 최저한도 : 100만원,,20250820,,202508201003
202508,0010016,10511008001004000,S,단리,6,1.65,2.1,아이엠뱅크,iM행복파트너예금(일반형),"영업점,인터넷,스마트폰","만기 후 1개월 미만 경과 : 약정이자율 x 50%
만기 후 3개월 미만 경과 : 약정이자율 x 25% 
만기 후 3개월 이상 경과 : 약정이자율 x 10%","* 최고우대금리 : 연0.45%p
- 지난달 당행 통장으로 연금 입금 실적 보유 : 연0.10%p
- 상품 가입 전 당행 신용(체크)카드 보유 : 연0.10%p
- 지난 3개월 예금 평잔 30만원 이상 : 연0.10%p
- iM행복파트너적금 동시 가입 및 만기 보유 : 연0.10%p
* 해당 상품을 인터넷/모바일뱅킹을 통해 가입 : 연0.05%p",일부제한,만50세 이상 실명의 개인,계좌당 가입 최저한도 : 100만원,,20250820,,202508201003
202508,0010016,10511008001004000,S,단리,12,2.19,2.64,아이엠뱅크,iM행복파트너예금(일반형),"영업점,인터넷,스마트폰","만기 후 1개월 미만 경과 : 약정이자율 x 50%
만기 후 3개월 미만 경과 : 약정이자율 x 25% 
만기 후 3개월 이상 경과 : 약정이자율 x 10%","* 최고우대금리 : 연0.45%p
- 지난달 당행 통장으로 연금 입금 실적 보유 : 연0.10%p
- 상품 가입 전 당행 신용(체크)카드 보유 : 연0.10%p
- 지난 3개월 예금 평잔 30만원 이상 : 연0.10%p
- iM행복파트너적금 동시 가입 및 만기 보유 : 연0.10%p
* 해당 상품을 인터넷/모바일뱅킹을 통해 가입 : 연0.05%p",일부제한,만50세 이상 실명의 개인,계좌당 가입 최저한도 : 100만원,,20250820,,202508201003
202508,0010016,10511008001004000,S,단리,24,2.01,2.46,아이엠뱅크,iM행복파트너예금(일반형),"영업점,인터넷,스마트폰","만기 후 1개월 미만 경과 : 약정이자율 x 50%
만기 후 3개월 미만 경과 : 약정이자율 x 25% 
만기 후 3개월 이상 경과 : 약정이자율 x 10%","* 최고우대금리 : 연0.45%p
- 지난달 당행 통장으로 연금 입금 실적 보유 : 연0.10%p
- 상품 가입 전 당행 신용(체크)카드 보유 : 연0.10%p
- 지난 3개월 예금 평잔 30만원 이상 : 연0.10%p
- iM행복파트너적금 동시 가입 및 만기 보유 : 연0.10%p
* 해당 상품을 인터넷/모바일뱅킹을 통해 가입 : 연0.05%p",일부제한,만50세 이상 실명의 개인,계좌당 가입 최저한도 : 100만원,,20250820,,202508201003
202508,0010016,10511008001004000,S,단리,36,2.03,2.48,아이엠뱅크,iM행복파트너예금(일반형),"영업점,인터넷,스마트폰","만기 후 1개월 미만 경과 : 약정이자율 x 50%
만기 후 3개월 미만 경과 : 약정이자율 x 25% 
만기 후 3개월 이상 경과 : 약정이자율 x 10%","* 최고우대금리 : 연0.45%p
- 지난달 당행 통장으로 연금 입금 실적 보유 : 연0.10%p
- 상품 가입 전 당행 신용(체크)카드 보유 : 연0.10%p
- 지난 3개월 예금 평잔 30만원 이상 : 연0.10%p
- iM행복파트너적금 동시 가입 및 만기 보유 : 연0.10%p
* 해당 상품을 인터넷/모바일뱅킹을 통해 가입 : 연0.05%p",일부제한,만50세 이상 실명의 개인,계좌당 가입 최저한도 : 100만원,,20250820,,202508201003
202508,0010016,10511008001166004,S,단리,12,2.13,2.58,아이엠뱅크,iM함께예금,"영업점,인터넷,스마트폰","만기 후 1개월 미만 경과 : 약정이자율 x 50%
만기 후 3개월 미만 경과 : 약정이자율 x 25% 
만기 후 3개월 이상 경과 : 약정이자율 x 10%","* 최고우대금리 : 연0.45%p
- 전월 총 수신 평잔실적 또는 상품 가입 전 첫만남플러스 통장 보유시
- 당행 주택청약상품보유 
- 신규일 ""iM함께적금"" 동시가입 및 만기 보유
-당행 오픈뱅킹서비스에 다른 은행 계좌 등록시 
각  연0.10%p                       
* 해당상품을 인터넷/모바일뱅킹을 통해 가입시 : 연0.05%p",제한없음,실명의 개인 및 개인사업자,계좌당 가입 최저한도 : 100만원,,20250820,,202508201003
202508,0010016,10511008001278000,S,단리,1,1.38,1.43,아이엠뱅크,iM스마트예금,"인터넷,스마트폰","만기 후 1개월 미만 경과 : 약정이자율 x 50%
만기 후 3개월 미만 경과 : 약정이자율 x 25% 
만기 후 3개월 이상 경과 : 약정이자율 x 10%","* 최고우대금리 : 연0.45%p
- 전월 총 수신 평잔실적 또는 상품 가입 전 첫만남플러스 통장 보유시
- 당행 주택청약상품보유 
- 신규일 ""iM함께적금"" 동시가입 및 만기보유 
-당행 오픈뱅킹서비스에 다른 은행 계좌 등록시 각  연0.10%p                       
* 해당 상품을 인터넷/모바일뱅킹을 통해 가입 시 : 연0.05%p",제한없음,실명의 개인,계좌당 가입 최저한도 : 100만원,,20250820,,202508201003
202508,0010016,10511008001278000,S,단리,3,2.38,2.43,아이엠뱅크,iM스마트예금,"인터넷,스마트폰","만기 후 1개월 미만 경과 : 약정이자율 x 50%
만기 후 3개월 미만 경과 : 약정이자율 x 25% 
만기 후 3개월 이상 경과 : 약정이자율 x 10%","* 최고우대금리 : 연0.45%p
- 전월 총 수신 평잔실적 또는 상품 가입 전 첫만남플러스 통장 보유시
- 당행 주택청약상품보유 
- 신규일 ""iM함께적금"" 동시가입 및 만기보유 
-당행 오픈뱅킹서비스에 다른 은행 계좌 등록시 각  연0.10%p                       
* 해당 상품을 인터넷/모바일뱅킹을 통해 가입 시 : 연0.05%p",제한없음,실명의 개인,계좌당 가입 최저한도 : 100만원,,20250820,,202508201003
202508,0010016,10511008001278000,S,단리,6,2.28,2.53,아이엠뱅크,iM스마트예금,"인터넷,스마트폰","만기 후 1개월 미만 경과 : 약정이자율 x 50%
만기 후 3개월 미만 경과 : 약정이자율 x 25% 
만기 후 3개월 이상 경과 : 약정이자율 x 10%","* 최고우대금리 : 연0.45%p
- 전월 총 수신 평잔실적 또는 상품 가입 전 첫만남플러스 통장 보유시
- 당행 주택청약상품보유 
- 신규일 ""iM함께적금"" 동시가입 및 만기보유 
-당행 오픈뱅킹서비스에 다른 은행 계좌 등록시 각  연0.10%p                       
* 해당 상품을 인터넷/모바일뱅킹을 통해 가입 시 : 연0.05%p",제한없음,실명의 개인,계좌당 가입 최저한도 : 100만원,,20250820,,202508201003
202508,0010016,10511008001278000,S,단리,12,2.23,2.48,아이엠뱅크,iM스마트예금,"인터넷,스마트폰","만기 후 1개월 미만 경과 : 약정이자율 x 50%
만기 후 3개월 미만 경과 : 약정이자율 x 25% 
만기 후 3개월 이상 경과 : 약정이자율 x 10%","* 최고우대금리 : 연0.45%p
- 전월 총 수신 평잔실적 또는 상품 가입 전 첫만남플러스 통장 보유시
- 당행 주택청약상품보유 
- 신규일 ""iM함께적금"" 동시가입 및 만기보유 
-당행 오픈뱅킹서비스에 다른 은행 계좌 등록시 각  연0.10%p                       
* 해당 상품을 인터넷/모바일뱅킹을 통해 가입 시 : 연0.05%p",제한없음,실명의 개인,계좌당 가입 최저한도 : 100만원,,20250820,,202508201003
202508,0010016,10511008001278000,S,단리,24,1.86,2.11,아이엠뱅크,iM스마트예금,"인터넷,스마트폰","만기 후 1개월 미만 경과 : 약정이자율 x 50%
만기 후 3개월 미만 경과 : 약정이자율 x 25% 
만기 후 3개월 이상 경과 : 약정이자율 x 10%","* 최고우대금리 : 연0.45%p
- 전월 총 수신 평잔실적 또는 상품 가입 전 첫만남플러스 통장 보유시
- 당행 주택청약상품보유 
- 신규일 ""iM함께적금"" 동시가입 및 만기보유 
-당행 오픈뱅킹서비스에 다른 은행 계좌 등록시 각  연0.10%p                       
* 해당 상품을 인터넷/모바일뱅킹을 통해 가입 시 : 연0.05%p",제한없음,실명의 개인,계좌당 가입 최저한도 : 100만원,,20250820,,202508201003
202508,0010016,10511008001278000,S,단리,36,1.88,2.13,아이엠뱅크,iM스마트예금,"인터넷,스마트폰","만기 후 1개월 미만 경과 : 약정이자율 x 50%
만기 후 3개월 미만 경과 : 약정이자율 x 25% 
만기 후 3개월 이상 경과 : 약정이자율 x 10%","* 최고우대금리 : 연0.45%p
- 전월 총 수신 평잔실적 또는 상품 가입 전 첫만남플러스 통장 보유시
- 당행 주택청약상품보유 
- 신규일 ""iM함께적금"" 동시가입 및 만기보유 
-당행 오픈뱅킹서비스에 다른 은행 계좌 등록시 각  연0.10%p                       
* 해당 상품을 인터넷/모바일뱅킹을 통해 가입 시 : 연0.05%p",제한없음,실명의 개인,계좌당 가입 최저한도 : 100만원,,20250820,,202508201003
202508,0010017,01030500510002,S,단리,1,1.5,1.5,부산은행,LIVE정기예금,"영업점,인터넷","- 만기후1년내: 가입기간별 일반정기예금이율 x 50%,
- 만기후1년초과:가입기간별 일반정기예금이율 x 20%","*우대이율
가. 3~5개월 특판우대이율 : 0.70%
나. 6~11개월 특판 우대이율: 0.60%
다. 12개월 특판 우대이율 : 0.45%",제한없음,제한없음,"1. 가입금액 :
   1천만원 이상
2. 가입기간 : 
1개월 이상 60개월 이하(일단위)
3. 월이자지급식/만기일시지급식",,20250820,,202508201109
202508,0010017,01030500510002,S,단리,3,1.7,2.4,부산은행,LIVE정기예금,"영업점,인터넷","- 만기후1년내: 가입기간별 일반정기예금이율 x 50%,
- 만기후1년초과:가입기간별 일반정기예금이율 x 20%","*우대이율
가. 3~5개월 특판우대이율 : 0.70%
나. 6~11개월 특판 우대이율: 0.60%
다. 12개월 특판 우대이율 : 0.45%",제한없음,제한없음,"1. 가입금액 :
   1천만원 이상
2. 가입기간 : 
1개월 이상 60개월 이하(일단위)
3. 월이자지급식/만기일시지급식",,20250820,,202508201109
202508,0010017,01030500510002,S,단리,6,1.8,2.4,부산은행,LIVE정기예금,"영업점,인터넷","- 만기후1년내: 가입기간별 일반정기예금이율 x 50%,
- 만기후1년초과:가입기간별 일반정기예금이율 x 20%","*우대이율
가. 3~5개월 특판우대이율 : 0.70%
나. 6~11개월 특판 우대이율: 0.60%
다. 12개월 특판 우대이율 : 0.45%",제한없음,제한없음,"1. 가입금액 :
   1천만원 이상
2. 가입기간 : 
1개월 이상 60개월 이하(일단위)
3. 월이자지급식/만기일시지급식",,20250820,,202508201109
202508,0010017,01030500510002,S,단리,12,1.95,2.4,부산은행,LIVE정기예금,"영업점,인터넷","- 만기후1년내: 가입기간별 일반정기예금이율 x 50%,
- 만기후1년초과:가입기간별 일반정기예금이율 x 20%","*우대이율
가. 3~5개월 특판우대이율 : 0.70%
나. 6~11개월 특판 우대이율: 0.60%
다. 12개월 특판 우대이율 : 0.45%",제한없음,제한없음,"1. 가입금액 :
   1천만원 이상
2. 가입기간 : 
1개월 이상 60개월 이하(일단위)
3. 월이자지급식/만기일시지급식",,20250820,,202508201109
202508,0010017,01030500510002,S,단리,24,1.6,1.6,부산은행,LIVE정기예금,"영업점,인터넷","- 만기후1년내: 가입기간별 일반정기예금이율 x 50%,
- 만기후1년초과:가입기간별 일반정기예금이율 x 20%","*우대이율
가. 3~5개월 특판우대이율 : 0.70%
나. 6~11개월 특판 우대이율: 0.60%
다. 12개월 특판 우대이율 : 0.45%",제한없음,제한없음,"1. 가입금액 :
   1천만원 이상
2. 가입기간 : 
1개월 이상 60개월 이하(일단위)
3. 월이자지급식/만기일시지급식",,20250820,,202508201109
202508,0010017,01030500510002,S,단리,36,1.6,1.6,부산은행,LIVE정기예금,"영업점,인터넷","- 만기후1년내: 가입기간별 일반정기예금이율 x 50%,
- 만기후1년초과:가입기간별 일반정기예금이율 x 20%","*우대이율
가. 3~5개월 특판우대이율 : 0.70%
나. 6~11개월 특판 우대이율: 0.60%
다. 12개월 특판 우대이율 : 0.45%",제한없음,제한없음,"1. 가입금액 :
   1천만원 이상
2. 가입기간 : 
1개월 이상 60개월 이하(일단위)
3. 월이자지급식/만기일시지급식",,20250820,,202508201109
202508,0010017,01030500560002,S,단리,1,1.4,2.1,부산은행,더(The) 특판 정기예금,"인터넷,스마트폰","- 만기후1년내: 가입기간별 일반정기예금이율 x 50%,
- 만기후1년초과:가입기간별 일반정기예금이율 x 20%","* 우대이율 (최대 0.70%p)
가. 모바일뱅킹 금융정보 및 혜택알림 동의 우대이율 : 0.10%p
나. 이벤트 우대이율 : 최대 0.6%p 
1) 더(The) 특판 정기예금 신규고객 우대이율 : 0.10%p
2) 특판 우대이율 : 0.50%p",제한없음,실명의 개인,"1. 가입금액 : 1백만원 이상 제한없음 (원단위)
2. 가입기간 : 1개월, 3개월, 6개월, 1년, 2년, 3년
3. 이자지급방식 : 만기일시지급식",,20250820,,202508201109
202508,0010017,01030500560002,S,단리,3,1.65,2.35,부산은행,더(The) 특판 정기예금,"인터넷,스마트폰","- 만기후1년내: 가입기간별 일반정기예금이율 x 50%,
- 만기후1년초과:가입기간별 일반정기예금이율 x 20%","* 우대이율 (최대 0.70%p)
가. 모바일뱅킹 금융정보 및 혜택알림 동의 우대이율 : 0.10%p
나. 이벤트 우대이율 : 최대 0.6%p 
1) 더(The) 특판 정기예금 신규고객 우대이율 : 0.10%p
2) 특판 우대이율 : 0.50%p",제한없음,실명의 개인,"1. 가입금액 : 1백만원 이상 제한없음 (원단위)
2. 가입기간 : 1개월, 3개월, 6개월, 1년, 2년, 3년
3. 이자지급방식 : 만기일시지급식",,20250820,,202508201109
202508,0010017,01030500560002,S,단리,6,1.8,2.5,부산은행,더(The) 특판 정기예금,"인터넷,스마트폰","- 만기후1년내: 가입기간별 일반정기예금이율 x 50%,
- 만기후1년초과:가입기간별 일반정기예금이율 x 20%","* 우대이율 (최대 0.70%p)
가. 모바일뱅킹 금융정보 및 혜택알림 동의 우대이율 : 0.10%p
나. 이벤트 우대이율 : 최대 0.6%p 
1) 더(The) 특판 정기예금 신규고객 우대이율 : 0.10%p
2) 특판 우대이율 : 0.50%p",제한없음,실명의 개인,"1. 가입금액 : 1백만원 이상 제한없음 (원단위)
2. 가입기간 : 1개월, 3개월, 6개월, 1년, 2년, 3년
3. 이자지급방식 : 만기일시지급식",,20250820,,202508201109
202508,0010017,01030500560002,S,단리,12,1.9,2.6,부산은행,더(The) 특판 정기예금,"인터넷,스마트폰","- 만기후1년내: 가입기간별 일반정기예금이율 x 50%,
- 만기후1년초과:가입기간별 일반정기예금이율 x 20%","* 우대이율 (최대 0.70%p)
가. 모바일뱅킹 금융정보 및 혜택알림 동의 우대이율 : 0.10%p
나. 이벤트 우대이율 : 최대 0.6%p 
1) 더(The) 특판 정기예금 신규고객 우대이율 : 0.10%p
2) 특판 우대이율 : 0.50%p",제한없음,실명의 개인,"1. 가입금액 : 1백만원 이상 제한없음 (원단위)
2. 가입기간 : 1개월, 3개월, 6개월, 1년, 2년, 3년
3. 이자지급방식 : 만기일시지급식",,20250820,,202508201109
202508,0010017,01030500560002,S,단리,24,1.55,2.25,부산은행,더(The) 특판 정기예금,"인터넷,스마트폰","- 만기후1년내: 가입기간별 일반정기예금이율 x 50%,
- 만기후1년초과:가입기간별 일반정기예금이율 x 20%","* 우대이율 (최대 0.70%p)
가. 모바일뱅킹 금융정보 및 혜택알림 동의 우대이율 : 0.10%p
나. 이벤트 우대이율 : 최대 0.6%p 
1) 더(The) 특판 정기예금 신규고객 우대이율 : 0.10%p
2) 특판 우대이율 : 0.50%p",제한없음,실명의 개인,"1. 가입금액 : 1백만원 이상 제한없음 (원단위)
2. 가입기간 : 1개월, 3개월, 6개월, 1년, 2년, 3년
3. 이자지급방식 : 만기일시지급식",,20250820,,202508201109
202508,0010017,01030500560002,S,단리,36,1.25,1.95,부산은행,더(The) 특판 정기예금,"인터넷,스마트폰","- 만기후1년내: 가입기간별 일반정기예금이율 x 50%,
- 만기후1년초과:가입기간별 일반정기예금이율 x 20%","* 우대이율 (최대 0.70%p)
가. 모바일뱅킹 금융정보 및 혜택알림 동의 우대이율 : 0.10%p
나. 이벤트 우대이율 : 최대 0.6%p 
1) 더(The) 특판 정기예금 신규고객 우대이율 : 0.10%p
2) 특판 우대이율 : 0.50%p",제한없음,실명의 개인,"1. 가입금액 : 1백만원 이상 제한없음 (원단위)
2. 가입기간 : 1개월, 3개월, 6개월, 1년, 2년, 3년
3. 이자지급방식 : 만기일시지급식",,20250820,,202508201109
202508,0010017,01030500600002,S,단리,6,2.2,2.4,부산은행,더(The) 레벨업 정기예금,스마트폰,"- 만기후1년내: 가입기간별 일반정기예금이율 x 50%,
- 만기후1년초과:가입기간별 일반정기예금이율 x 20%","*우대이율(최대 0.20%p)
가. 모바일뱅킹 금융정보 및 혜택알림 동의 우대이율 : 0.10%p
나. 비대면 정기예금 재예치 우대이율  : 0.10%",제한없음,실명의 개인,"1. 가입금액 : 1백만원 이상 제한없음 (원단위)
2. 가입기간 : 6개월, 1년
3. 이자지급방식 : 만기일시지급식",,20250820,,202508201109
202508,0010017,01030500600002,S,단리,12,2.35,2.55,부산은행,더(The) 레벨업 정기예금,스마트폰,"- 만기후1년내: 가입기간별 일반정기예금이율 x 50%,
- 만기후1년초과:가입기간별 일반정기예금이율 x 20%","*우대이율(최대 0.20%p)
가. 모바일뱅킹 금융정보 및 혜택알림 동의 우대이율 : 0.10%p
나. 비대면 정기예금 재예치 우대이율  : 0.10%",제한없음,실명의 개인,"1. 가입금액 : 1백만원 이상 제한없음 (원단위)
2. 가입기간 : 6개월, 1년
3. 이자지급방식 : 만기일시지급식",,20250820,,202508201109
202508,0010019,TD11300027000,M,복리,12,2.25,2.45,광주은행,미즈월복리정기예금,"영업점,인터넷,스마트폰,기타","*만기후 1개월 이내: 만기일 당시 최초 가입 기간별 일반정기예금 고시금리의 1/2 
*만기후 1개월 초과: 0.01%","▶ 최고우대금리 0.2% 
 ① 요구불평잔 : 0.2% -300만원이상 0.1%, 500만원이상 0.2%
 ② 신용(체크)카드결제실적 : 0.1% -전월결제금 300만원이상 0.05%, 500만원이상 0.1%",제한없음,만18세이상 여성으로 실명의 개인 및 개인사업자,"1. 가입기간 : 1년이상 3년제
2. 가입금액 : 5백만원이상 최고 50백만원",50000000.0,20250820,,202508260918
202508,0010019,TD11300027000,M,복리,24,2.33,2.53,광주은행,미즈월복리정기예금,"영업점,인터넷,스마트폰,기타","*만기후 1개월 이내: 만기일 당시 최초 가입 기간별 일반정기예금 고시금리의 1/2 
*만기후 1개월 초과: 0.01%","▶ 최고우대금리 0.2% 
 ① 요구불평잔 : 0.2% -300만원이상 0.1%, 500만원이상 0.2%
 ② 신용(체크)카드결제실적 : 0.1% -전월결제금 300만원이상 0.05%, 500만원이상 0.1%",제한없음,만18세이상 여성으로 실명의 개인 및 개인사업자,"1. 가입기간 : 1년이상 3년제
2. 가입금액 : 5백만원이상 최고 50백만원",50000000.0,20250820,,202508260918
202508,0010019,TD11300027000,M,복리,36,2.3,2.5,광주은행,미즈월복리정기예금,"영업점,인터넷,스마트폰,기타","*만기후 1개월 이내: 만기일 당시 최초 가입 기간별 일반정기예금 고시금리의 1/2 
*만기후 1개월 초과: 0.01%","▶ 최고우대금리 0.2% 
 ① 요구불평잔 : 0.2% -300만원이상 0.1%, 500만원이상 0.2%
 ② 신용(체크)카드결제실적 : 0.1% -전월결제금 300만원이상 0.05%, 500만원이상 0.1%",제한없음,만18세이상 여성으로 실명의 개인 및 개인사업자,"1. 가입기간 : 1년이상 3년제
2. 가입금액 : 5백만원이상 최고 50백만원",50000000.0,20250820,,202508260918
202508,0010019,TD11300031000,S,단리,1,2.02,2.12,광주은행,스마트모아Dream정기예금,"인터넷,스마트폰","*만기후 1개월 이내: 만기일 당시 최초 가입 기간별 일반정기예금 고시금리의 1/2 
*만기후 1개월 초과: 0.01%",▶ 1천만원 이상 가입시 최대 0.2%우대,제한없음,개인 및 개인사업자,"1. 가입기간 : 1개월이상 3년제
2. 최소가입금액 : 100만원이상",,20250820,,202508260917
202508,0010019,TD11300031000,S,단리,3,2.06,2.16,광주은행,스마트모아Dream정기예금,"인터넷,스마트폰","*만기후 1개월 이내: 만기일 당시 최초 가입 기간별 일반정기예금 고시금리의 1/2 
*만기후 1개월 초과: 0.01%",▶ 1천만원 이상 가입시 최대 0.2%우대,제한없음,개인 및 개인사업자,"1. 가입기간 : 1개월이상 3년제
2. 최소가입금액 : 100만원이상",,20250820,,202508260917
202508,0010019,TD11300031000,S,단리,6,2.14,2.24,광주은행,스마트모아Dream정기예금,"인터넷,스마트폰","*만기후 1개월 이내: 만기일 당시 최초 가입 기간별 일반정기예금 고시금리의 1/2 
*만기후 1개월 초과: 0.01%",▶ 1천만원 이상 가입시 최대 0.2%우대,제한없음,개인 및 개인사업자,"1. 가입기간 : 1개월이상 3년제
2. 최소가입금액 : 100만원이상",,20250820,,202508260917
202508,0010019,TD11300031000,S,단리,12,2.15,2.35,광주은행,스마트모아Dream정기예금,"인터넷,스마트폰","*만기후 1개월 이내: 만기일 당시 최초 가입 기간별 일반정기예금 고시금리의 1/2 
*만기후 1개월 초과: 0.01%",▶ 1천만원 이상 가입시 최대 0.2%우대,제한없음,개인 및 개인사업자,"1. 가입기간 : 1개월이상 3년제
2. 최소가입금액 : 100만원이상",,20250820,,202508260917
202508,0010019,TD11300031000,S,단리,24,2.23,2.43,광주은행,스마트모아Dream정기예금,"인터넷,스마트폰","*만기후 1개월 이내: 만기일 당시 최초 가입 기간별 일반정기예금 고시금리의 1/2 
*만기후 1개월 초과: 0.01%",▶ 1천만원 이상 가입시 최대 0.2%우대,제한없음,개인 및 개인사업자,"1. 가입기간 : 1개월이상 3년제
2. 최소가입금액 : 100만원이상",,20250820,,202508260917
202508,0010019,TD11300031000,S,단리,36,2.2,2.4,광주은행,스마트모아Dream정기예금,"인터넷,스마트폰","*만기후 1개월 이내: 만기일 당시 최초 가입 기간별 일반정기예금 고시금리의 1/2 
*만기후 1개월 초과: 0.01%",▶ 1천만원 이상 가입시 최대 0.2%우대,제한없음,개인 및 개인사업자,"1. 가입기간 : 1개월이상 3년제
2. 최소가입금액 : 100만원이상",,20250820,,202508260917
202508,0010019,TD11300035000,S,단리,12,2.05,2.55,광주은행,굿스타트예금,스마트폰,"*만기후 1개월 이내: 만기일 당시 최초 가입 기간별 일반정기예금 고시금리의 1/2 
*만기후 1개월 초과: 0.01%","▶ 최고우대금리 0.5% 
 ① 첫예금거래 : 0.4% -최근1년동안 정기예금 계좌 신규 또는 해지이력이 없는경우
 ② 개인(신용)정보 수집이용동의 : 0.1% -만기일전일까지 유지시",제한없음,개인 및 개인사업자,"1. 가입기간 : 1년제
2. 가입금액 : 1백만원이상 최고 1억원(1인1계좌)",100000000.0,20250820,,202508260917
202508,0010019,TD11300036000,S,단리,3,2.4,2.4,광주은행,The플러스예금,"영업점,스마트폰","*만기후 1개월 이내: 만기일 당시 최초 가입 기간별 일반정기예금 고시금리의 1/2 
*만기후 1개월 초과: 0.01%",▶ 해당사항없음,제한없음,"개인 및 법인(단,국가 지자체 및 금융기관 제외)","1. 가입기간 : 3개월,6개월,1년제
2. 가입금액 : 10백만원이상 고객당 10억원한도",1000000000.0,20250820,,202508201104
202508,0010019,TD11300036000,S,단리,6,2.45,2.45,광주은행,The플러스예금,"영업점,스마트폰","*만기후 1개월 이내: 만기일 당시 최초 가입 기간별 일반정기예금 고시금리의 1/2 
*만기후 1개월 초과: 0.01%",▶ 해당사항없음,제한없음,"개인 및 법인(단,국가 지자체 및 금융기관 제외)","1. 가입기간 : 3개월,6개월,1년제
2. 가입금액 : 10백만원이상 고객당 10억원한도",1000000000.0,20250820,,202508201104
202508,0010019,TD11300036000,S,단리,12,2.45,2.45,광주은행,The플러스예금,"영업점,스마트폰","*만기후 1개월 이내: 만기일 당시 최초 가입 기간별 일반정기예금 고시금리의 1/2 
*만기후 1개월 초과: 0.01%",▶ 해당사항없음,제한없음,"개인 및 법인(단,국가 지자체 및 금융기관 제외)","1. 가입기간 : 3개월,6개월,1년제
2. 가입금액 : 10백만원이상 고객당 10억원한도",1000000000.0,20250820,,202508201104
202508,0010020,101272000006,S,단리,1,2.0,2.1,제주은행,"제주Dream
정기예금
(개인/만기
지급식)","영업점,인터넷,스마트폰","- 만기후 1개월 이내 : (일반)정기예금 기본이자율의 50%
(단, 최저금리 0.1%)
- 만기후 1개월 초과 3개월 이내 : (일반)정기예금 기본이자율의 25%
(단, 최저금리 0.1%)
- 만기후 3개월 초과 : 0.1%","최고 연 0.1%p(항목별 0.1%p)
①급여이체
②적립식예금 잔액 10만원 이상 보유
③탑스, 주거래 고객
④결제계좌(가맹점) 전월 입금액 10만원 이상 
⑤비과세종합저축 대상 고객
⑥다자녀(3인이상 자녀)가정
⑦탐나는 J연금통장 가입고객
⑧국민연금안심통장 가입고객
⑨공무원연금안심통장 가입고객",제한없음,제한없음,가입금액 : 1백만원 이상,,20250820,,202508201054
202508,0010020,101272000006,S,단리,3,2.1,2.2,제주은행,"제주Dream
정기예금
(개인/만기
지급식)","영업점,인터넷,스마트폰","- 만기후 1개월 이내 : (일반)정기예금 기본이자율의 50%
(단, 최저금리 0.1%)
- 만기후 1개월 초과 3개월 이내 : (일반)정기예금 기본이자율의 25%
(단, 최저금리 0.1%)
- 만기후 3개월 초과 : 0.1%","최고 연 0.1%p(항목별 0.1%p)
①급여이체
②적립식예금 잔액 10만원 이상 보유
③탑스, 주거래 고객
④결제계좌(가맹점) 전월 입금액 10만원 이상 
⑤비과세종합저축 대상 고객
⑥다자녀(3인이상 자녀)가정
⑦탐나는 J연금통장 가입고객
⑧국민연금안심통장 가입고객
⑨공무원연금안심통장 가입고객",제한없음,제한없음,가입금액 : 1백만원 이상,,20250820,,202508201054
202508,0010020,101272000006,S,단리,6,2.25,2.35,제주은행,"제주Dream
정기예금
(개인/만기
지급식)","영업점,인터넷,스마트폰","- 만기후 1개월 이내 : (일반)정기예금 기본이자율의 50%
(단, 최저금리 0.1%)
- 만기후 1개월 초과 3개월 이내 : (일반)정기예금 기본이자율의 25%
(단, 최저금리 0.1%)
- 만기후 3개월 초과 : 0.1%","최고 연 0.1%p(항목별 0.1%p)
①급여이체
②적립식예금 잔액 10만원 이상 보유
③탑스, 주거래 고객
④결제계좌(가맹점) 전월 입금액 10만원 이상 
⑤비과세종합저축 대상 고객
⑥다자녀(3인이상 자녀)가정
⑦탐나는 J연금통장 가입고객
⑧국민연금안심통장 가입고객
⑨공무원연금안심통장 가입고객",제한없음,제한없음,가입금액 : 1백만원 이상,,20250820,,202508201054
202508,0010020,101272000006,S,단리,12,2.3,2.4,제주은행,"제주Dream
정기예금
(개인/만기
지급식)","영업점,인터넷,스마트폰","- 만기후 1개월 이내 : (일반)정기예금 기본이자율의 50%
(단, 최저금리 0.1%)
- 만기후 1개월 초과 3개월 이내 : (일반)정기예금 기본이자율의 25%
(단, 최저금리 0.1%)
- 만기후 3개월 초과 : 0.1%","최고 연 0.1%p(항목별 0.1%p)
①급여이체
②적립식예금 잔액 10만원 이상 보유
③탑스, 주거래 고객
④결제계좌(가맹점) 전월 입금액 10만원 이상 
⑤비과세종합저축 대상 고객
⑥다자녀(3인이상 자녀)가정
⑦탐나는 J연금통장 가입고객
⑧국민연금안심통장 가입고객
⑨공무원연금안심통장 가입고객",제한없음,제한없음,가입금액 : 1백만원 이상,,20250820,,202508201054
202508,0010020,101272000006,S,단리,24,2.2,2.3,제주은행,"제주Dream
정기예금
(개인/만기
지급식)","영업점,인터넷,스마트폰","- 만기후 1개월 이내 : (일반)정기예금 기본이자율의 50%
(단, 최저금리 0.1%)
- 만기후 1개월 초과 3개월 이내 : (일반)정기예금 기본이자율의 25%
(단, 최저금리 0.1%)
- 만기후 3개월 초과 : 0.1%","최고 연 0.1%p(항목별 0.1%p)
①급여이체
②적립식예금 잔액 10만원 이상 보유
③탑스, 주거래 고객
④결제계좌(가맹점) 전월 입금액 10만원 이상 
⑤비과세종합저축 대상 고객
⑥다자녀(3인이상 자녀)가정
⑦탐나는 J연금통장 가입고객
⑧국민연금안심통장 가입고객
⑨공무원연금안심통장 가입고객",제한없음,제한없음,가입금액 : 1백만원 이상,,20250820,,202508201054
202508,0010020,101272000006,S,단리,36,2.2,2.3,제주은행,"제주Dream
정기예금
(개인/만기
지급식)","영업점,인터넷,스마트폰","- 만기후 1개월 이내 : (일반)정기예금 기본이자율의 50%
(단, 최저금리 0.1%)
- 만기후 1개월 초과 3개월 이내 : (일반)정기예금 기본이자율의 25%
(단, 최저금리 0.1%)
- 만기후 3개월 초과 : 0.1%","최고 연 0.1%p(항목별 0.1%p)
①급여이체
②적립식예금 잔액 10만원 이상 보유
③탑스, 주거래 고객
④결제계좌(가맹점) 전월 입금액 10만원 이상 
⑤비과세종합저축 대상 고객
⑥다자녀(3인이상 자녀)가정
⑦탐나는 J연금통장 가입고객
⑧국민연금안심통장 가입고객
⑨공무원연금안심통장 가입고객",제한없음,제한없음,가입금액 : 1백만원 이상,,20250820,,202508201054
202508,0010020,101272000057,S,단리,1,1.4,2.4,제주은행,"J정기예금
(만기지급식)","영업점,인터넷,스마트폰","- 만기후 1개월 이내 : (일반)정기예금 기본이자율의 50%
(단, 최저금리 0.1%)
- 만기후 1개월 초과 3개월 이내 : (일반)정기예금 기본이자율의 25%
(단, 최저금리 0.1%)
- 만기후 3개월 초과 : 0.1%","- 아래의 우대요건 충족시 최고 0.5%p 추가 우대 
①비대면 채널 가입시 0.3%제공(신규시제공)  
(단, 이벤트시 디지털 채널에 고시한 우대금리를 추가 적용할 수 있음)
②신규일로부터 만기달 제외한 계약기간의 1/2이상 매월 Jbank로그인 시 0.2%제공(만기시제공)",제한없음,"실명의 
개인 및 
개인사업자",가입금액 : 30만원 이상,,20250826,,202508261515
202508,0010020,101272000057,S,단리,3,1.7,2.45,제주은행,"J정기예금
(만기지급식)","영업점,인터넷,스마트폰","- 만기후 1개월 이내 : (일반)정기예금 기본이자율의 50%
(단, 최저금리 0.1%)
- 만기후 1개월 초과 3개월 이내 : (일반)정기예금 기본이자율의 25%
(단, 최저금리 0.1%)
- 만기후 3개월 초과 : 0.1%","- 아래의 우대요건 충족시 최고 0.5%p 추가 우대 
①비대면 채널 가입시 0.3%제공(신규시제공)  
(단, 이벤트시 디지털 채널에 고시한 우대금리를 추가 적용할 수 있음)
②신규일로부터 만기달 제외한 계약기간의 1/2이상 매월 Jbank로그인 시 0.2%제공(만기시제공)",제한없음,"실명의 
개인 및 
개인사업자",가입금액 : 30만원 이상,,20250826,,202508261515
202508,0010020,101272000057,S,단리,6,1.9,2.6,제주은행,"J정기예금
(만기지급식)","영업점,인터넷,스마트폰","- 만기후 1개월 이내 : (일반)정기예금 기본이자율의 50%
(단, 최저금리 0.1%)
- 만기후 1개월 초과 3개월 이내 : (일반)정기예금 기본이자율의 25%
(단, 최저금리 0.1%)
- 만기후 3개월 초과 : 0.1%","- 아래의 우대요건 충족시 최고 0.5%p 추가 우대 
①비대면 채널 가입시 0.3%제공(신규시제공)  
(단, 이벤트시 디지털 채널에 고시한 우대금리를 추가 적용할 수 있음)
②신규일로부터 만기달 제외한 계약기간의 1/2이상 매월 Jbank로그인 시 0.2%제공(만기시제공)",제한없음,"실명의 
개인 및 
개인사업자",가입금액 : 30만원 이상,,20250826,,202508261515
202508,0010020,101272000057,S,단리,12,2.0,2.75,제주은행,"J정기예금
(만기지급식)","영업점,인터넷,스마트폰","- 만기후 1개월 이내 : (일반)정기예금 기본이자율의 50%
(단, 최저금리 0.1%)
- 만기후 1개월 초과 3개월 이내 : (일반)정기예금 기본이자율의 25%
(단, 최저금리 0.1%)
- 만기후 3개월 초과 : 0.1%","- 아래의 우대요건 충족시 최고 0.5%p 추가 우대 
①비대면 채널 가입시 0.3%제공(신규시제공)  
(단, 이벤트시 디지털 채널에 고시한 우대금리를 추가 적용할 수 있음)
②신규일로부터 만기달 제외한 계약기간의 1/2이상 매월 Jbank로그인 시 0.2%제공(만기시제공)",제한없음,"실명의 
개인 및 
개인사업자",가입금액 : 30만원 이상,,20250826,,202508261515
202508,0010020,101272000057,S,단리,24,1.85,2.4,제주은행,"J정기예금
(만기지급식)","영업점,인터넷,스마트폰","- 만기후 1개월 이내 : (일반)정기예금 기본이자율의 50%
(단, 최저금리 0.1%)
- 만기후 1개월 초과 3개월 이내 : (일반)정기예금 기본이자율의 25%
(단, 최저금리 0.1%)
- 만기후 3개월 초과 : 0.1%","- 아래의 우대요건 충족시 최고 0.5%p 추가 우대 
①비대면 채널 가입시 0.3%제공(신규시제공)  
(단, 이벤트시 디지털 채널에 고시한 우대금리를 추가 적용할 수 있음)
②신규일로부터 만기달 제외한 계약기간의 1/2이상 매월 Jbank로그인 시 0.2%제공(만기시제공)",제한없음,"실명의 
개인 및 
개인사업자",가입금액 : 30만원 이상,,20250826,,202508261515
202508,0010020,101272000057,S,단리,36,1.85,2.4,제주은행,"J정기예금
(만기지급식)","영업점,인터넷,스마트폰","- 만기후 1개월 이내 : (일반)정기예금 기본이자율의 50%
(단, 최저금리 0.1%)
- 만기후 1개월 초과 3개월 이내 : (일반)정기예금 기본이자율의 25%
(단, 최저금리 0.1%)
- 만기후 3개월 초과 : 0.1%","- 아래의 우대요건 충족시 최고 0.5%p 추가 우대 
①비대면 채널 가입시 0.3%제공(신규시제공)  
(단, 이벤트시 디지털 채널에 고시한 우대금리를 추가 적용할 수 있음)
②신규일로부터 만기달 제외한 계약기간의 1/2이상 매월 Jbank로그인 시 0.2%제공(만기시제공)",제한없음,"실명의 
개인 및 
개인사업자",가입금액 : 30만원 이상,,20250826,,202508261515
202508,0010020,101272000058,S,단리,3,1.7,2.35,제주은행,"스마일드림 
정기예금
(개인/선이자
지급식)","영업점,스마트폰","- 만기후 1개월 이내 : (일반)정기예금 기본이자율의 50%
(단, 최저금리 0.1%)
- 만기후 1개월 초과 3개월 이내 : (일반)정기예금 기본이자율의 25%
(단, 최저금리 0.1%)
- 만기후 3개월 초과 : 0.1%","-아래의 우대요건 충족시 최고0.3% 추가우대(신규시제공)
①김만덕나눔적금 보유 또는 김만적 나눔적금 만기 해지고객 0.2%우대(가입시제공)
②예금가입시 탐나는전 체크카드 보유고객 0.1%우대(가입시제공)
(단, 이벤트시 영업점,디지털채널에 고시한 우대금리를 추가 적용할 수 있음)",제한없음,"실명의
개인 및 
개인사업자",가입금액 : 1백만원 이상,,20250820,,202508201054
202508,0010020,101272000058,S,단리,6,1.8,2.5,제주은행,"스마일드림 
정기예금
(개인/선이자
지급식)","영업점,스마트폰","- 만기후 1개월 이내 : (일반)정기예금 기본이자율의 50%
(단, 최저금리 0.1%)
- 만기후 1개월 초과 3개월 이내 : (일반)정기예금 기본이자율의 25%
(단, 최저금리 0.1%)
- 만기후 3개월 초과 : 0.1%","-아래의 우대요건 충족시 최고0.3% 추가우대(신규시제공)
①김만덕나눔적금 보유 또는 김만적 나눔적금 만기 해지고객 0.2%우대(가입시제공)
②예금가입시 탐나는전 체크카드 보유고객 0.1%우대(가입시제공)
(단, 이벤트시 영업점,디지털채널에 고시한 우대금리를 추가 적용할 수 있음)",제한없음,"실명의
개인 및 
개인사업자",가입금액 : 1백만원 이상,,20250820,,202508201054
202508,0010020,101272000058,S,단리,12,1.9,2.55,제주은행,"스마일드림 
정기예금
(개인/선이자
지급식)","영업점,스마트폰","- 만기후 1개월 이내 : (일반)정기예금 기본이자율의 50%
(단, 최저금리 0.1%)
- 만기후 1개월 초과 3개월 이내 : (일반)정기예금 기본이자율의 25%
(단, 최저금리 0.1%)
- 만기후 3개월 초과 : 0.1%","-아래의 우대요건 충족시 최고0.3% 추가우대(신규시제공)
①김만덕나눔적금 보유 또는 김만적 나눔적금 만기 해지고객 0.2%우대(가입시제공)
②예금가입시 탐나는전 체크카드 보유고객 0.1%우대(가입시제공)
(단, 이벤트시 영업점,디지털채널에 고시한 우대금리를 추가 적용할 수 있음)",제한없음,"실명의
개인 및 
개인사업자",가입금액 : 1백만원 이상,,20250820,,202508201054
202508,0010022,10-01-20-024-0046-0000,S,단리,3,2.65,2.65,전북은행,"JB 다이렉트예금통장
(만기일시지급식)","인터넷,스마트폰","만기후 1개월 이하 : 만기일 현재 계약기간별 정기예금 실행이율 1/2
만기후 1개월 초과 : 연 0.01%","우대조건
없음",제한없음,실명의 개인(임의단체 제외,"가입금액 1계좌당 1백만원이상 10억원이하,
1인당  총 10억원 이하,
인터넷/스마트폰뱅킹 가입상품",1000000000.0,20250820,,202508201141
202508,0010022,10-01-20-024-0046-0000,S,단리,6,2.65,2.65,전북은행,"JB 다이렉트예금통장
(만기일시지급식)","인터넷,스마트폰","만기후 1개월 이하 : 만기일 현재 계약기간별 정기예금 실행이율 1/2
만기후 1개월 초과 : 연 0.01%","우대조건
없음",제한없음,실명의 개인(임의단체 제외,"가입금액 1계좌당 1백만원이상 10억원이하,
1인당  총 10억원 이하,
인터넷/스마트폰뱅킹 가입상품",1000000000.0,20250820,,202508201141
202508,0010022,10-01-20-024-0046-0000,S,단리,12,2.55,2.55,전북은행,"JB 다이렉트예금통장
(만기일시지급식)","인터넷,스마트폰","만기후 1개월 이하 : 만기일 현재 계약기간별 정기예금 실행이율 1/2
만기후 1개월 초과 : 연 0.01%","우대조건
없음",제한없음,실명의 개인(임의단체 제외,"가입금액 1계좌당 1백만원이상 10억원이하,
1인당  총 10억원 이하,
인터넷/스마트폰뱅킹 가입상품",1000000000.0,20250820,,202508201141
202508,0010022,10-01-20-024-0059-0000,S,단리,12,2.5,2.5,전북은행,"JB 123 정기예금
 (만기일시지급식)","인터넷,스마트폰","만기후 1개월 이하 : 만기일 현재 계약기간별 정기예금 실행이율 1/2
만기후 1개월 초과 : 연 0.01%","자동재예치 우대이율
1회차 0.1%,
2회차 0.2%,
3회차 0.3%",제한없음,실명의 개인 또는 개인사업자 (1인 다계좌 가입 가능함),"예금의 신규 : 인터넷뱅킹, 모바일뱅킹, 모바일웹, BDT
예금의 해지 : 인터넷뱅킹, 모바일뱅킹, 영업점
가입금액 최저 1백만원이상 고객별 5억원 이상 (다만 자동재예치시 이자 원가로 인한 5억원 초과는 가능), 계좌수 관계없이 가입가능",500000000.0,20250820,,202508201141
202508,0010022,10-01-20-024-0063-0000,S,단리,1,2.0,2.3,전북은행,내맘 쏙 정기예금,"인터넷,스마트폰","만기후 1개월 이하 : 만기일 현재 계약기간별 정기예금 실행이율 1/2
만기후 1개월 초과 : 연 0.01%","1. 모바일뱅킹 첫거래 고객 0.10%
2. 마케팅동의고객 0.10%
3. 입출금계좌 이용고객 0.10%",제한없음,실명의 개인 및 개인사업자,"가입금액 : 계좌당 10만원 이상
예금의 신규 : 모바일뱅킹, 모바일Web
예금의 해지 : 모바일뱅킹, 인터넷뱅킹, 영업점
계약기간 : 1개월이상 12개월이내(월단위)",999999999999.0,20250820,,202508201141
202508,0010022,10-01-20-024-0063-0000,S,단리,3,2.45,2.75,전북은행,내맘 쏙 정기예금,"인터넷,스마트폰","만기후 1개월 이하 : 만기일 현재 계약기간별 정기예금 실행이율 1/2
만기후 1개월 초과 : 연 0.01%","1. 모바일뱅킹 첫거래 고객 0.10%
2. 마케팅동의고객 0.10%
3. 입출금계좌 이용고객 0.10%",제한없음,실명의 개인 및 개인사업자,"가입금액 : 계좌당 10만원 이상
예금의 신규 : 모바일뱅킹, 모바일Web
예금의 해지 : 모바일뱅킹, 인터넷뱅킹, 영업점
계약기간 : 1개월이상 12개월이내(월단위)",999999999999.0,20250820,,202508201141
202508,0010022,10-01-20-024-0063-0000,S,단리,6,2.45,2.75,전북은행,내맘 쏙 정기예금,"인터넷,스마트폰","만기후 1개월 이하 : 만기일 현재 계약기간별 정기예금 실행이율 1/2
만기후 1개월 초과 : 연 0.01%","1. 모바일뱅킹 첫거래 고객 0.10%
2. 마케팅동의고객 0.10%
3. 입출금계좌 이용고객 0.10%",제한없음,실명의 개인 및 개인사업자,"가입금액 : 계좌당 10만원 이상
예금의 신규 : 모바일뱅킹, 모바일Web
예금의 해지 : 모바일뱅킹, 인터넷뱅킹, 영업점
계약기간 : 1개월이상 12개월이내(월단위)",999999999999.0,20250820,,202508201141
202508,0010022,10-01-20-024-0063-0000,S,단리,12,2.35,2.65,전북은행,내맘 쏙 정기예금,"인터넷,스마트폰","만기후 1개월 이하 : 만기일 현재 계약기간별 정기예금 실행이율 1/2
만기후 1개월 초과 : 연 0.01%","1. 모바일뱅킹 첫거래 고객 0.10%
2. 마케팅동의고객 0.10%
3. 입출금계좌 이용고객 0.10%",제한없음,실명의 개인 및 개인사업자,"가입금액 : 계좌당 10만원 이상
예금의 신규 : 모바일뱅킹, 모바일Web
예금의 해지 : 모바일뱅킹, 인터넷뱅킹, 영업점
계약기간 : 1개월이상 12개월이내(월단위)",999999999999.0,20250820,,202508201141
202508,0010024,21001115,S,단리,3,2.0,2.5,경남은행,BNK더조은정기예금,"인터넷,스마트폰","만기 후 1개월 이내: 일반정기예금 기본이율 Ⅹ50%
만기 후 1개월 초과: 일반정기예금 기본이율 Ⅹ20%","①가입금액 20백만원 이상인 경우 0.20%
②이 예금 신규시 금리우대쿠폰 등록할 경우 0.20% 
③ 경남은행 오픈뱅킹 서비스에 가입되어 있는 경우
(만기시까지 해당서비스 유지하는 경우) 0.10%
④ 자동재예치 신청 0.05%
(단 금리우대쿠폰과 중복적용 불가)",제한없음,"거래대상자는 제한을 두지 아니한다. 다만, 국가 및 지방자치단체는 이 예금을 거래할 수 없다.","1. 이 예금의 계약기간은 3개월 이상 2년 이내 월단위로 한다.
2. 가입금액은 1인당 최소 100만원 이상 5억원 이하이다.",500000000.0,20250820,99991231,202508201049
202508,0010024,21001115,S,단리,6,2.05,2.55,경남은행,BNK더조은정기예금,"인터넷,스마트폰","만기 후 1개월 이내: 일반정기예금 기본이율 Ⅹ50%
만기 후 1개월 초과: 일반정기예금 기본이율 Ⅹ20%","①가입금액 20백만원 이상인 경우 0.20%
②이 예금 신규시 금리우대쿠폰 등록할 경우 0.20% 
③ 경남은행 오픈뱅킹 서비스에 가입되어 있는 경우
(만기시까지 해당서비스 유지하는 경우) 0.10%
④ 자동재예치 신청 0.05%
(단 금리우대쿠폰과 중복적용 불가)",제한없음,"거래대상자는 제한을 두지 아니한다. 다만, 국가 및 지방자치단체는 이 예금을 거래할 수 없다.","1. 이 예금의 계약기간은 3개월 이상 2년 이내 월단위로 한다.
2. 가입금액은 1인당 최소 100만원 이상 5억원 이하이다.",500000000.0,20250820,99991231,202508201049
202508,0010024,21001115,S,단리,12,2.05,2.55,경남은행,BNK더조은정기예금,"인터넷,스마트폰","만기 후 1개월 이내: 일반정기예금 기본이율 Ⅹ50%
만기 후 1개월 초과: 일반정기예금 기본이율 Ⅹ20%","①가입금액 20백만원 이상인 경우 0.20%
②이 예금 신규시 금리우대쿠폰 등록할 경우 0.20% 
③ 경남은행 오픈뱅킹 서비스에 가입되어 있는 경우
(만기시까지 해당서비스 유지하는 경우) 0.10%
④ 자동재예치 신청 0.05%
(단 금리우대쿠폰과 중복적용 불가)",제한없음,"거래대상자는 제한을 두지 아니한다. 다만, 국가 및 지방자치단체는 이 예금을 거래할 수 없다.","1. 이 예금의 계약기간은 3개월 이상 2년 이내 월단위로 한다.
2. 가입금액은 1인당 최소 100만원 이상 5억원 이하이다.",500000000.0,20250820,99991231,202508201049
202508,0010024,21001115,S,단리,24,2.05,2.55,경남은행,BNK더조은정기예금,"인터넷,스마트폰","만기 후 1개월 이내: 일반정기예금 기본이율 Ⅹ50%
만기 후 1개월 초과: 일반정기예금 기본이율 Ⅹ20%","①가입금액 20백만원 이상인 경우 0.20%
②이 예금 신규시 금리우대쿠폰 등록할 경우 0.20% 
③ 경남은행 오픈뱅킹 서비스에 가입되어 있는 경우
(만기시까지 해당서비스 유지하는 경우) 0.10%
④ 자동재예치 신청 0.05%
(단 금리우대쿠폰과 중복적용 불가)",제한없음,"거래대상자는 제한을 두지 아니한다. 다만, 국가 및 지방자치단체는 이 예금을 거래할 수 없다.","1. 이 예금의 계약기간은 3개월 이상 2년 이내 월단위로 한다.
2. 가입금액은 1인당 최소 100만원 이상 5억원 이하이다.",500000000.0,20250820,99991231,202508201049
202508,0010024,21001280,S,단리,3,2.05,2.6,경남은행,The든든예금(시즌2),스마트폰,"만기 후 1개월 이내: 일반정기예금 기본이율 Ⅹ50%
만기 후 1개월 초과: 일반정기예금 기본이율 Ⅹ20%","①마케팅동의 및 모바일메세지 수신동의 0.05%
②신규고객 우대(최근 12개월 신규이력·해지이력 미보유) 0.10%
③이벤트금리(비대면금리) 최대 0.45%
   (3, 6개월 0.40% / 12개월 0.45%)",제한없음,개인,"1. 이 예금의 계약기간은 3개월, 6개월, 12개월로 한다.
2. 가입좌수 제한없으며, 가입금액은 1인당 최소 100만원 이상 10억원 이하이다.",1000000000.0,20250820,20251231,202508201049
202508,0010024,21001280,S,단리,6,2.05,2.6,경남은행,The든든예금(시즌2),스마트폰,"만기 후 1개월 이내: 일반정기예금 기본이율 Ⅹ50%
만기 후 1개월 초과: 일반정기예금 기본이율 Ⅹ20%","①마케팅동의 및 모바일메세지 수신동의 0.05%
②신규고객 우대(최근 12개월 신규이력·해지이력 미보유) 0.10%
③이벤트금리(비대면금리) 최대 0.45%
   (3, 6개월 0.40% / 12개월 0.45%)",제한없음,개인,"1. 이 예금의 계약기간은 3개월, 6개월, 12개월로 한다.
2. 가입좌수 제한없으며, 가입금액은 1인당 최소 100만원 이상 10억원 이하이다.",1000000000.0,20250820,20251231,202508201049
202508,0010024,21001280,S,단리,12,2.0,2.6,경남은행,The든든예금(시즌2),스마트폰,"만기 후 1개월 이내: 일반정기예금 기본이율 Ⅹ50%
만기 후 1개월 초과: 일반정기예금 기본이율 Ⅹ20%","①마케팅동의 및 모바일메세지 수신동의 0.05%
②신규고객 우대(최근 12개월 신규이력·해지이력 미보유) 0.10%
③이벤트금리(비대면금리) 최대 0.45%
   (3, 6개월 0.40% / 12개월 0.45%)",제한없음,개인,"1. 이 예금의 계약기간은 3개월, 6개월, 12개월로 한다.
2. 가입좌수 제한없으며, 가입금액은 1인당 최소 100만원 이상 10억원 이하이다.",1000000000.0,20250820,20251231,202508201049
202508,0010024,21001285,S,단리,6,2.2,2.6,경남은행,The파트너예금,스마트폰,"만기 후 1개월 이내: 일반정기예금 기본이율 Ⅹ50%
만기 후 1개월 초과: 일반정기예금 기본이율 Ⅹ20%","①경남은행 거래기간 5년이상 + 마케팅동의 고객 0.20%
②급여, 연금, 가맹점대금 입금 시 0.10%
③당행 카드 결제실적 보유 시 0.10%",제한없음,개인,"1. 이 예금의 계약기간은 6개월, 12개월, 24개월로 한다.
2. 가입좌수 제한없으며, 가입금액은 1인당 최소 100만원 이상 10억원 이하이다.",1000000000.0,20250820,99991231,202508201049
202508,0010024,21001285,S,단리,12,2.25,2.65,경남은행,The파트너예금,스마트폰,"만기 후 1개월 이내: 일반정기예금 기본이율 Ⅹ50%
만기 후 1개월 초과: 일반정기예금 기본이율 Ⅹ20%","①경남은행 거래기간 5년이상 + 마케팅동의 고객 0.20%
②급여, 연금, 가맹점대금 입금 시 0.10%
③당행 카드 결제실적 보유 시 0.10%",제한없음,개인,"1. 이 예금의 계약기간은 6개월, 12개월, 24개월로 한다.
2. 가입좌수 제한없으며, 가입금액은 1인당 최소 100만원 이상 10억원 이하이다.",1000000000.0,20250820,99991231,202508201049
202508,0010024,21001285,S,단리,24,2.15,2.55,경남은행,The파트너예금,스마트폰,"만기 후 1개월 이내: 일반정기예금 기본이율 Ⅹ50%
만기 후 1개월 초과: 일반정기예금 기본이율 Ⅹ20%","①경남은행 거래기간 5년이상 + 마케팅동의 고객 0.20%
②급여, 연금, 가맹점대금 입금 시 0.10%
③당행 카드 결제실적 보유 시 0.10%",제한없음,개인,"1. 이 예금의 계약기간은 6개월, 12개월, 24개월로 한다.
2. 가입좌수 제한없으며, 가입금액은 1인당 최소 100만원 이상 10억원 이하이다.",1000000000.0,20250820,99991231,202508201049
202508,0010026,01211310121,S,단리,12,2.25,2.45,중소기업은행,IBK평생한가족통장(실세금리정기예금),"영업점,인터넷,스마트폰",만기일 당시 정기예금 만기후 이자율 적용 -1개월 이내: 만기일 당시 계약기간별 고시금리×50% -1월 초과 6개월 이내: 만기일 당시 계약기간별 고시금리×30% -6개월 초과: 만기일 당시 계약기간별 고시금리×20%,"최고 연 0.20%p

-고객별 우대 : 최고 연 0.05%p
 1. 최초신규고객 : 연 0.05%p
 2. 재예치고객 : 연 0.05%p
 3. 장기거래고객 : 연 0.05%p

-주거래우대 : 연 0.15%p",제한없음,"실명의 개인
(개인사업자 제외)","계좌 수 제한 없으며, 최소 1백만원 이상 통합한도 1억원 이내 가입 가능",100000000.0,20250820,,202508201028
202508,0010026,01211310121,S,단리,24,2.1,2.3,중소기업은행,IBK평생한가족통장(실세금리정기예금),"영업점,인터넷,스마트폰",만기일 당시 정기예금 만기후 이자율 적용 -1개월 이내: 만기일 당시 계약기간별 고시금리×50% -1월 초과 6개월 이내: 만기일 당시 계약기간별 고시금리×30% -6개월 초과: 만기일 당시 계약기간별 고시금리×20%,"최고 연 0.20%p

-고객별 우대 : 최고 연 0.05%p
 1. 최초신규고객 : 연 0.05%p
 2. 재예치고객 : 연 0.05%p
 3. 장기거래고객 : 연 0.05%p

-주거래우대 : 연 0.15%p",제한없음,"실명의 개인
(개인사업자 제외)","계좌 수 제한 없으며, 최소 1백만원 이상 통합한도 1억원 이내 가입 가능",100000000.0,20250820,,202508201028
202508,0010026,01211310121,S,단리,36,2.05,2.25,중소기업은행,IBK평생한가족통장(실세금리정기예금),"영업점,인터넷,스마트폰",만기일 당시 정기예금 만기후 이자율 적용 -1개월 이내: 만기일 당시 계약기간별 고시금리×50% -1월 초과 6개월 이내: 만기일 당시 계약기간별 고시금리×30% -6개월 초과: 만기일 당시 계약기간별 고시금리×20%,"최고 연 0.20%p

-고객별 우대 : 최고 연 0.05%p
 1. 최초신규고객 : 연 0.05%p
 2. 재예치고객 : 연 0.05%p
 3. 장기거래고객 : 연 0.05%p

-주거래우대 : 연 0.15%p",제한없음,"실명의 개인
(개인사업자 제외)","계좌 수 제한 없으며, 최소 1백만원 이상 통합한도 1억원 이내 가입 가능",100000000.0,20250820,,202508201028
202508,0010026,01211310130,S,단리,6,2.24,2.24,중소기업은행,IBK더굴리기통장(실세금리정기예금),"인터넷,스마트폰",만기일 당시 정기예금 만기후 이자율 적용 -1개월 이내: 만기일 당시 계약기간별 고시금리×50% -1월 초과 6개월 이내: 만기일 당시 계약기간별 고시금리×30% -6개월 초과: 만기일 당시 계약기간별 고시금리×20%,없음,제한없음,"실명의 개인
(개인사업자 제외)","계좌 수 제한 없으며, 최소 1백만원 이상 납입한도 제한 없음",,20250826,,202508260852
202508,0010026,01211310130,S,단리,12,2.26,2.26,중소기업은행,IBK더굴리기통장(실세금리정기예금),"인터넷,스마트폰",만기일 당시 정기예금 만기후 이자율 적용 -1개월 이내: 만기일 당시 계약기간별 고시금리×50% -1월 초과 6개월 이내: 만기일 당시 계약기간별 고시금리×30% -6개월 초과: 만기일 당시 계약기간별 고시금리×20%,없음,제한없음,"실명의 개인
(개인사업자 제외)","계좌 수 제한 없으며, 최소 1백만원 이상 납입한도 제한 없음",,20250826,,202508260852
202508,0010026,01211310130,S,단리,24,2.24,2.24,중소기업은행,IBK더굴리기통장(실세금리정기예금),"인터넷,스마트폰",만기일 당시 정기예금 만기후 이자율 적용 -1개월 이내: 만기일 당시 계약기간별 고시금리×50% -1월 초과 6개월 이내: 만기일 당시 계약기간별 고시금리×30% -6개월 초과: 만기일 당시 계약기간별 고시금리×20%,없음,제한없음,"실명의 개인
(개인사업자 제외)","계좌 수 제한 없으며, 최소 1백만원 이상 납입한도 제한 없음",,20250826,,202508260852
202508,0010026,01211310130,S,단리,36,2.29,2.29,중소기업은행,IBK더굴리기통장(실세금리정기예금),"인터넷,스마트폰",만기일 당시 정기예금 만기후 이자율 적용 -1개월 이내: 만기일 당시 계약기간별 고시금리×50% -1월 초과 6개월 이내: 만기일 당시 계약기간별 고시금리×30% -6개월 초과: 만기일 당시 계약기간별 고시금리×20%,없음,제한없음,"실명의 개인
(개인사업자 제외)","계좌 수 제한 없으며, 최소 1백만원 이상 납입한도 제한 없음",,20250826,,202508260852
202508,0010026,01211310142,S,단리,1,2.17,2.17,중소기업은행,IBK굴리기통장(정기예금),"영업점,스마트폰",만기일 당시 정기예금 만기후 이자율 적용 -1개월 이내: 만기일 당시 계약기간별 고시금리×50% -1월 초과 6개월 이내: 만기일 당시 계약기간별 고시금리×30% -6개월 초과: 만기일 당시 계약기간별 고시금리×20%,없음,제한없음,"실명의 개인
(개인사업자 제외)","계좌 수 제한 없으며, 최소 1백만원 이상 통합한도 3억원 이내 가입 가능",300000000.0,20250826,,202508260850
202508,0010026,01211310142,S,단리,3,2.16,2.16,중소기업은행,IBK굴리기통장(정기예금),"영업점,스마트폰",만기일 당시 정기예금 만기후 이자율 적용 -1개월 이내: 만기일 당시 계약기간별 고시금리×50% -1월 초과 6개월 이내: 만기일 당시 계약기간별 고시금리×30% -6개월 초과: 만기일 당시 계약기간별 고시금리×20%,없음,제한없음,"실명의 개인
(개인사업자 제외)","계좌 수 제한 없으며, 최소 1백만원 이상 통합한도 3억원 이내 가입 가능",300000000.0,20250826,,202508260850
202508,0010026,01211310142,S,단리,6,2.3,2.3,중소기업은행,IBK굴리기통장(정기예금),"영업점,스마트폰",만기일 당시 정기예금 만기후 이자율 적용 -1개월 이내: 만기일 당시 계약기간별 고시금리×50% -1월 초과 6개월 이내: 만기일 당시 계약기간별 고시금리×30% -6개월 초과: 만기일 당시 계약기간별 고시금리×20%,없음,제한없음,"실명의 개인
(개인사업자 제외)","계좌 수 제한 없으며, 최소 1백만원 이상 통합한도 3억원 이내 가입 가능",300000000.0,20250826,,202508260850
202508,0010026,01211310142,S,단리,12,2.3,2.3,중소기업은행,IBK굴리기통장(정기예금),"영업점,스마트폰",만기일 당시 정기예금 만기후 이자율 적용 -1개월 이내: 만기일 당시 계약기간별 고시금리×50% -1월 초과 6개월 이내: 만기일 당시 계약기간별 고시금리×30% -6개월 초과: 만기일 당시 계약기간별 고시금리×20%,없음,제한없음,"실명의 개인
(개인사업자 제외)","계좌 수 제한 없으며, 최소 1백만원 이상 통합한도 3억원 이내 가입 가능",300000000.0,20250826,,202508260850
202508,0010030,06492,S,단리,1,2.5,2.5,한국산업은행,KDB 정기예금,"영업점,인터넷,스마트폰","* 만기후 1년 이내 : 만기일 현재 고시된 일반 정기예금 해당기간 기본이율의 1/2
* 만기후 1년 초과 : 만기일 현재 고시된 보통예금 이자율",해당없음,제한없음,제한없음,해당없음,,20250820,,202508200945
202508,0010030,06492,S,단리,3,2.55,2.55,한국산업은행,KDB 정기예금,"영업점,인터넷,스마트폰","* 만기후 1년 이내 : 만기일 현재 고시된 일반 정기예금 해당기간 기본이율의 1/2
* 만기후 1년 초과 : 만기일 현재 고시된 보통예금 이자율",해당없음,제한없음,제한없음,해당없음,,20250820,,202508200945
202508,0010030,06492,S,단리,6,2.55,2.55,한국산업은행,KDB 정기예금,"영업점,인터넷,스마트폰","* 만기후 1년 이내 : 만기일 현재 고시된 일반 정기예금 해당기간 기본이율의 1/2
* 만기후 1년 초과 : 만기일 현재 고시된 보통예금 이자율",해당없음,제한없음,제한없음,해당없음,,20250820,,202508200945
202508,0010030,06492,S,단리,12,2.5,2.5,한국산업은행,KDB 정기예금,"영업점,인터넷,스마트폰","* 만기후 1년 이내 : 만기일 현재 고시된 일반 정기예금 해당기간 기본이율의 1/2
* 만기후 1년 초과 : 만기일 현재 고시된 보통예금 이자율",해당없음,제한없음,제한없음,해당없음,,20250820,,202508200945
202508,0010030,06492,S,단리,24,2.45,2.45,한국산업은행,KDB 정기예금,"영업점,인터넷,스마트폰","* 만기후 1년 이내 : 만기일 현재 고시된 일반 정기예금 해당기간 기본이율의 1/2
* 만기후 1년 초과 : 만기일 현재 고시된 보통예금 이자율",해당없음,제한없음,제한없음,해당없음,,20250820,,202508200945
202508,0010030,06492,S,단리,36,2.45,2.45,한국산업은행,KDB 정기예금,"영업점,인터넷,스마트폰","* 만기후 1년 이내 : 만기일 현재 고시된 일반 정기예금 해당기간 기본이율의 1/2
* 만기후 1년 초과 : 만기일 현재 고시된 보통예금 이자율",해당없음,제한없음,제한없음,해당없음,,20250820,,202508200945
202508,0010927,010300100335,S,단리,1,1.8,2.4,국민은행,KB Star 정기예금,"인터넷,스마트폰","- 1개월 이내 : 기본이율 X 50%
- 1개월 초과  ~ 3개월 이내 : 기본이율 X 30%
- 3개월 초과 : 0.1%",해당무,제한없음,실명의 개인 또는 개인사업자,- 가입금액 : 1백만원 이상,,20250820,,202508201002
202508,0010927,010300100335,S,단리,3,2.0,2.4,국민은행,KB Star 정기예금,"인터넷,스마트폰","- 1개월 이내 : 기본이율 X 50%
- 1개월 초과  ~ 3개월 이내 : 기본이율 X 30%
- 3개월 초과 : 0.1%",해당무,제한없음,실명의 개인 또는 개인사업자,- 가입금액 : 1백만원 이상,,20250820,,202508201002
202508,0010927,010300100335,S,단리,6,2.1,2.45,국민은행,KB Star 정기예금,"인터넷,스마트폰","- 1개월 이내 : 기본이율 X 50%
- 1개월 초과  ~ 3개월 이내 : 기본이율 X 30%
- 3개월 초과 : 0.1%",해당무,제한없음,실명의 개인 또는 개인사업자,- 가입금액 : 1백만원 이상,,20250820,,202508201002
202508,0010927,010300100335,S,단리,12,2.15,2.45,국민은행,KB Star 정기예금,"인터넷,스마트폰","- 1개월 이내 : 기본이율 X 50%
- 1개월 초과  ~ 3개월 이내 : 기본이율 X 30%
- 3개월 초과 : 0.1%",해당무,제한없음,실명의 개인 또는 개인사업자,- 가입금액 : 1백만원 이상,,20250820,,202508201002
202508,0010927,010300100335,S,단리,24,2.2,2.4,국민은행,KB Star 정기예금,"인터넷,스마트폰","- 1개월 이내 : 기본이율 X 50%
- 1개월 초과  ~ 3개월 이내 : 기본이율 X 30%
- 3개월 초과 : 0.1%",해당무,제한없음,실명의 개인 또는 개인사업자,- 가입금액 : 1백만원 이상,,20250820,,202508201002
202508,0010927,010300100335,S,단리,36,2.2,2.4,국민은행,KB Star 정기예금,"인터넷,스마트폰","- 1개월 이내 : 기본이율 X 50%
- 1개월 초과  ~ 3개월 이내 : 기본이율 X 30%
- 3개월 초과 : 0.1%",해당무,제한없음,실명의 개인 또는 개인사업자,- 가입금액 : 1백만원 이상,,20250820,,202508201002
202508,0011625,200-0135-12,S,단리,1,1.8,2.4,신한은행,쏠편한 정기예금,"인터넷,스마트폰","-1개월 이하: (일반) 정기예금 기본금리 1/2
(단, 최저금리 0.10%)
-1개월 초과~6개월 이하: (일반) 정기예금 기본금리의 1/4
(단, 최저금리 0.10%)
-6개월 초과:  0.10%",해당사항없음,제한없음,만14세이상 개인고객,"1. 가입한도 :
 1만원 이상",,20250820,,202508200915
202508,0011625,200-0135-12,S,단리,3,2.0,2.4,신한은행,쏠편한 정기예금,"인터넷,스마트폰","-1개월 이하: (일반) 정기예금 기본금리 1/2
(단, 최저금리 0.10%)
-1개월 초과~6개월 이하: (일반) 정기예금 기본금리의 1/4
(단, 최저금리 0.10%)
-6개월 초과:  0.10%",해당사항없음,제한없음,만14세이상 개인고객,"1. 가입한도 :
 1만원 이상",,20250820,,202508200915
202508,0011625,200-0135-12,S,단리,6,2.0,2.45,신한은행,쏠편한 정기예금,"인터넷,스마트폰","-1개월 이하: (일반) 정기예금 기본금리 1/2
(단, 최저금리 0.10%)
-1개월 초과~6개월 이하: (일반) 정기예금 기본금리의 1/4
(단, 최저금리 0.10%)
-6개월 초과:  0.10%",해당사항없음,제한없음,만14세이상 개인고객,"1. 가입한도 :
 1만원 이상",,20250820,,202508200915
202508,0011625,200-0135-12,S,단리,12,2.05,2.45,신한은행,쏠편한 정기예금,"인터넷,스마트폰","-1개월 이하: (일반) 정기예금 기본금리 1/2
(단, 최저금리 0.10%)
-1개월 초과~6개월 이하: (일반) 정기예금 기본금리의 1/4
(단, 최저금리 0.10%)
-6개월 초과:  0.10%",해당사항없음,제한없음,만14세이상 개인고객,"1. 가입한도 :
 1만원 이상",,20250820,,202508200915
202508,0011625,200-0135-12,S,단리,24,2.1,2.4,신한은행,쏠편한 정기예금,"인터넷,스마트폰","-1개월 이하: (일반) 정기예금 기본금리 1/2
(단, 최저금리 0.10%)
-1개월 초과~6개월 이하: (일반) 정기예금 기본금리의 1/4
(단, 최저금리 0.10%)
-6개월 초과:  0.10%",해당사항없음,제한없음,만14세이상 개인고객,"1. 가입한도 :
 1만원 이상",,20250820,,202508200915
202508,0011625,200-0135-12,S,단리,36,2.1,2.4,신한은행,쏠편한 정기예금,"인터넷,스마트폰","-1개월 이하: (일반) 정기예금 기본금리 1/2
(단, 최저금리 0.10%)
-1개월 초과~6개월 이하: (일반) 정기예금 기본금리의 1/4
(단, 최저금리 0.10%)
-6개월 초과:  0.10%",해당사항없음,제한없음,만14세이상 개인고객,"1. 가입한도 :
 1만원 이상",,20250820,,202508200915
202508,0013175,10-003-1225-0001,S,단리,1,2.3,2.4,농협은행주식회사,NH왈츠회전예금 II,"영업점,인터넷,스마트폰","만기 후 3개월 : 기본금리의 50%
만기 후 6개월 : 기본금리의 20%
만기 후 6개월 초과 : 기본금리의 10%

* 기본금리 : 만기시점의 일반정기예금 계약기간별 금리","1. 급여이체실적(50만원 이상)이 있는 경우 : 0.1%p
2. 트리플 회전 우대이율 :  4회전기간부터 0.1%p",제한없음,개인,"※ 기본금리 및 최고 우대금리 항목은 가입기간이 아닌 ‘회전주기’기간별 금리를 공시
 - 회전주기는 1개월 이상 12개월 이내 월단위로 선택 가능
※ 전월취급평균금리는 본 홈페이지에 공시되지 않는 회전기간 6개월 미만의 계좌들도 포함하여 산출하기 때문에 회전기간별로 공시된 기본금리보다 낮게 보여질 수 있음",,20250826,,202508260932
202508,0013175,10-003-1225-0001,S,단리,3,2.32,2.42,농협은행주식회사,NH왈츠회전예금 II,"영업점,인터넷,스마트폰","만기 후 3개월 : 기본금리의 50%
만기 후 6개월 : 기본금리의 20%
만기 후 6개월 초과 : 기본금리의 10%

* 기본금리 : 만기시점의 일반정기예금 계약기간별 금리","1. 급여이체실적(50만원 이상)이 있는 경우 : 0.1%p
2. 트리플 회전 우대이율 :  4회전기간부터 0.1%p",제한없음,개인,"※ 기본금리 및 최고 우대금리 항목은 가입기간이 아닌 ‘회전주기’기간별 금리를 공시
 - 회전주기는 1개월 이상 12개월 이내 월단위로 선택 가능
※ 전월취급평균금리는 본 홈페이지에 공시되지 않는 회전기간 6개월 미만의 계좌들도 포함하여 산출하기 때문에 회전기간별로 공시된 기본금리보다 낮게 보여질 수 있음",,20250826,,202508260932
202508,0013175,10-003-1225-0001,S,단리,6,2.37,2.47,농협은행주식회사,NH왈츠회전예금 II,"영업점,인터넷,스마트폰","만기 후 3개월 : 기본금리의 50%
만기 후 6개월 : 기본금리의 20%
만기 후 6개월 초과 : 기본금리의 10%

* 기본금리 : 만기시점의 일반정기예금 계약기간별 금리","1. 급여이체실적(50만원 이상)이 있는 경우 : 0.1%p
2. 트리플 회전 우대이율 :  4회전기간부터 0.1%p",제한없음,개인,"※ 기본금리 및 최고 우대금리 항목은 가입기간이 아닌 ‘회전주기’기간별 금리를 공시
 - 회전주기는 1개월 이상 12개월 이내 월단위로 선택 가능
※ 전월취급평균금리는 본 홈페이지에 공시되지 않는 회전기간 6개월 미만의 계좌들도 포함하여 산출하기 때문에 회전기간별로 공시된 기본금리보다 낮게 보여질 수 있음",,20250826,,202508260932
202508,0013175,10-003-1225-0001,S,단리,12,2.4,2.5,농협은행주식회사,NH왈츠회전예금 II,"영업점,인터넷,스마트폰","만기 후 3개월 : 기본금리의 50%
만기 후 6개월 : 기본금리의 20%
만기 후 6개월 초과 : 기본금리의 10%

* 기본금리 : 만기시점의 일반정기예금 계약기간별 금리","1. 급여이체실적(50만원 이상)이 있는 경우 : 0.1%p
2. 트리플 회전 우대이율 :  4회전기간부터 0.1%p",제한없음,개인,"※ 기본금리 및 최고 우대금리 항목은 가입기간이 아닌 ‘회전주기’기간별 금리를 공시
 - 회전주기는 1개월 이상 12개월 이내 월단위로 선택 가능
※ 전월취급평균금리는 본 홈페이지에 공시되지 않는 회전기간 6개월 미만의 계좌들도 포함하여 산출하기 때문에 회전기간별로 공시된 기본금리보다 낮게 보여질 수 있음",,20250826,,202508260932
202508,0013175,10-003-1381-0001,S,단리,12,2.15,2.55,농협은행주식회사,NH내가Green초록세상예금,"영업점,인터넷,스마트폰","만기 후 3개월 : 기본금리의 50%
만기 후 6개월 : 기본금리의 20%
만기 후  6개월 초과 : 기본금리의 10%

* 기본금리 : 만기시점의 일반정기예금 계약기간별 금리","※ 우대금리 최대한도 : 0.4%p(연%, 세전)
1. 온실가스 줄이기 실천서약서 동의 : 0.1%p
2. 통장미발급 : 0.1%p
3. 손하나로인증 서비스 등록 : 0.1%p
4. NH내가Green초록세상적금 동시 보유 : 0.1%p",제한없음,개인,"1. 300만원이상 가입
2. 온실가스 줄이기 실천서약서 동의시 가입가능
3. 신규가입 계좌당 2천원씩 녹색환경기금 적립
※ 자세한 사항은 상품설명서 참조",,20250826,,202508260932
202508,0013175,10-003-1381-0001,S,단리,24,2.1,2.5,농협은행주식회사,NH내가Green초록세상예금,"영업점,인터넷,스마트폰","만기 후 3개월 : 기본금리의 50%
만기 후 6개월 : 기본금리의 20%
만기 후  6개월 초과 : 기본금리의 10%

* 기본금리 : 만기시점의 일반정기예금 계약기간별 금리","※ 우대금리 최대한도 : 0.4%p(연%, 세전)
1. 온실가스 줄이기 실천서약서 동의 : 0.1%p
2. 통장미발급 : 0.1%p
3. 손하나로인증 서비스 등록 : 0.1%p
4. NH내가Green초록세상적금 동시 보유 : 0.1%p",제한없음,개인,"1. 300만원이상 가입
2. 온실가스 줄이기 실천서약서 동의시 가입가능
3. 신규가입 계좌당 2천원씩 녹색환경기금 적립
※ 자세한 사항은 상품설명서 참조",,20250826,,202508260932
202508,0013175,10-003-1381-0001,S,단리,36,2.05,2.45,농협은행주식회사,NH내가Green초록세상예금,"영업점,인터넷,스마트폰","만기 후 3개월 : 기본금리의 50%
만기 후 6개월 : 기본금리의 20%
만기 후  6개월 초과 : 기본금리의 10%

* 기본금리 : 만기시점의 일반정기예금 계약기간별 금리","※ 우대금리 최대한도 : 0.4%p(연%, 세전)
1. 온실가스 줄이기 실천서약서 동의 : 0.1%p
2. 통장미발급 : 0.1%p
3. 손하나로인증 서비스 등록 : 0.1%p
4. NH내가Green초록세상적금 동시 보유 : 0.1%p",제한없음,개인,"1. 300만원이상 가입
2. 온실가스 줄이기 실천서약서 동의시 가입가능
3. 신규가입 계좌당 2천원씩 녹색환경기금 적립
※ 자세한 사항은 상품설명서 참조",,20250826,,202508260932
202508,0013175,10-003-1384-0001,S,단리,1,2.35,2.35,농협은행주식회사,NH올원e예금,"인터넷,스마트폰","만기 후 3개월 : 기본금리의 50%
만기 후 6개월 : 기본금리의 20%
만기 후  6개월 초과 : 기본금리의 10%

* 기본금리 : 만기시점의 큰만족실세예금 계약기간별 금리",없음,제한없음,개인,1. 10만원 이상 10억원 이내 가입,1000000000.0,20250826,,202508260932
202508,0013175,10-003-1384-0001,S,단리,3,2.42,2.42,농협은행주식회사,NH올원e예금,"인터넷,스마트폰","만기 후 3개월 : 기본금리의 50%
만기 후 6개월 : 기본금리의 20%
만기 후  6개월 초과 : 기본금리의 10%

* 기본금리 : 만기시점의 큰만족실세예금 계약기간별 금리",없음,제한없음,개인,1. 10만원 이상 10억원 이내 가입,1000000000.0,20250826,,202508260932
202508,0013175,10-003-1384-0001,S,단리,6,2.47,2.47,농협은행주식회사,NH올원e예금,"인터넷,스마트폰","만기 후 3개월 : 기본금리의 50%
만기 후 6개월 : 기본금리의 20%
만기 후  6개월 초과 : 기본금리의 10%

* 기본금리 : 만기시점의 큰만족실세예금 계약기간별 금리",없음,제한없음,개인,1. 10만원 이상 10억원 이내 가입,1000000000.0,20250826,,202508260932
202508,0013175,10-003-1384-0001,S,단리,12,2.5,2.5,농협은행주식회사,NH올원e예금,"인터넷,스마트폰","만기 후 3개월 : 기본금리의 50%
만기 후 6개월 : 기본금리의 20%
만기 후  6개월 초과 : 기본금리의 10%

* 기본금리 : 만기시점의 큰만족실세예금 계약기간별 금리",없음,제한없음,개인,1. 10만원 이상 10억원 이내 가입,1000000000.0,20250826,,202508260932
202508,0013175,10-003-1384-0001,S,단리,24,2.43,2.43,농협은행주식회사,NH올원e예금,"인터넷,스마트폰","만기 후 3개월 : 기본금리의 50%
만기 후 6개월 : 기본금리의 20%
만기 후  6개월 초과 : 기본금리의 10%

* 기본금리 : 만기시점의 큰만족실세예금 계약기간별 금리",없음,제한없음,개인,1. 10만원 이상 10억원 이내 가입,1000000000.0,20250826,,202508260932
202508,0013175,10-003-1384-0001,S,단리,36,2.43,2.43,농협은행주식회사,NH올원e예금,"인터넷,스마트폰","만기 후 3개월 : 기본금리의 50%
만기 후 6개월 : 기본금리의 20%
만기 후  6개월 초과 : 기본금리의 10%

* 기본금리 : 만기시점의 큰만족실세예금 계약기간별 금리",없음,제한없음,개인,1. 10만원 이상 10억원 이내 가입,1000000000.0,20250826,,202508260932
202508,0013175,10-003-1387-0001,S,단리,12,2.15,2.6,농협은행주식회사,NH고향사랑기부예금,"영업점,인터넷,스마트폰","만기 후 3개월 : 기본금리의 50%
만기 후 6개월 : 기본금리의 20%
만기 후  6개월 초과 : 기본금리의 10%

* 기본금리 : 만기시점의 큰만족실세예금 계약기간별 금리","1. 고향사랑기부금 납부고객 우대 : 0.3%p

2-1. 만65세 이상 고령자 우대 : 0.1%p
2-2. 만 19~34세 MZ고객 우대 : 0.1%p

3. 고향사랑 특별금리 : 0.05%p (금리시장상황에 따라 변동 가능)
 - 고향사랑 특별금리는 상품 가입고객 모두에게 적용",제한없음,개인,"1. 100만원 이상 가입
2. 고향사랑기부금 우대금리는 농협은행/농축협 영업점 또는 고향사랑e음 홈페이지를 통한 고향사랑기부금 납부실적이 확인되는 경우 제공
3. 연간 판매액의 0.1% 공익기금 적립

※ 우대조건 관련 자세한 사항은 상품설명서 참조",,20250826,,202508260932
202508,0013909,4,S,단리,1,1.8,2.4,주식회사 하나은행,하나의정기예금,스마트폰,"1개월이내 : 지급당시 해당기간 일반정기예금 월이자지급식 기본금리 1/2
1개월초과 : 지급당시 해당기간 일반정기예금 월이자지급식 기본금리 1/4",해당사항없음,제한없음,실명의 개인 또는 개인사업자,"1. 가입금액: 1백만원이상
2. 1인 최대가입한도 : 제한 없음",,20250820,,202508201023
202508,0013909,4,S,단리,3,1.9,2.4,주식회사 하나은행,하나의정기예금,스마트폰,"1개월이내 : 지급당시 해당기간 일반정기예금 월이자지급식 기본금리 1/2
1개월초과 : 지급당시 해당기간 일반정기예금 월이자지급식 기본금리 1/4",해당사항없음,제한없음,실명의 개인 또는 개인사업자,"1. 가입금액: 1백만원이상
2. 1인 최대가입한도 : 제한 없음",,20250820,,202508201023
202508,0013909,4,S,단리,6,2.0,2.45,주식회사 하나은행,하나의정기예금,스마트폰,"1개월이내 : 지급당시 해당기간 일반정기예금 월이자지급식 기본금리 1/2
1개월초과 : 지급당시 해당기간 일반정기예금 월이자지급식 기본금리 1/4",해당사항없음,제한없음,실명의 개인 또는 개인사업자,"1. 가입금액: 1백만원이상
2. 1인 최대가입한도 : 제한 없음",,20250820,,202508201023
202508,0013909,4,S,단리,12,2.05,2.45,주식회사 하나은행,하나의정기예금,스마트폰,"1개월이내 : 지급당시 해당기간 일반정기예금 월이자지급식 기본금리 1/2
1개월초과 : 지급당시 해당기간 일반정기예금 월이자지급식 기본금리 1/4",해당사항없음,제한없음,실명의 개인 또는 개인사업자,"1. 가입금액: 1백만원이상
2. 1인 최대가입한도 : 제한 없음",,20250820,,202508201023
202508,0013909,4,S,단리,24,2.05,2.4,주식회사 하나은행,하나의정기예금,스마트폰,"1개월이내 : 지급당시 해당기간 일반정기예금 월이자지급식 기본금리 1/2
1개월초과 : 지급당시 해당기간 일반정기예금 월이자지급식 기본금리 1/4",해당사항없음,제한없음,실명의 개인 또는 개인사업자,"1. 가입금액: 1백만원이상
2. 1인 최대가입한도 : 제한 없음",,20250820,,202508201023
202508,0013909,4,S,단리,36,2.05,2.4,주식회사 하나은행,하나의정기예금,스마트폰,"1개월이내 : 지급당시 해당기간 일반정기예금 월이자지급식 기본금리 1/2
1개월초과 : 지급당시 해당기간 일반정기예금 월이자지급식 기본금리 1/4",해당사항없음,제한없음,실명의 개인 또는 개인사업자,"1. 가입금액: 1백만원이상
2. 1인 최대가입한도 : 제한 없음",,20250820,,202508201023
202508,0014674,01013000110000000001,S,단리,1,2.4,2.4,주식회사 케이뱅크,코드K 정기예금,스마트폰,"만기 후 
- 1개월 이내 : 만기시점 기본금리 X 50%
- 1개월 초과~6개월 이내 : 만기시점 기본금리 X 30%
- 6개월 초과 : 연 0.20%",우대조건 없음,제한없음,만 17세 이상 실명의 개인 및 개인사업자,"가입금액 : 1백만원 이상
가입기간 : 1개월~36개월",,20250820,,202508200942
202508,0014674,01013000110000000001,S,단리,3,2.5,2.5,주식회사 케이뱅크,코드K 정기예금,스마트폰,"만기 후 
- 1개월 이내 : 만기시점 기본금리 X 50%
- 1개월 초과~6개월 이내 : 만기시점 기본금리 X 30%
- 6개월 초과 : 연 0.20%",우대조건 없음,제한없음,만 17세 이상 실명의 개인 및 개인사업자,"가입금액 : 1백만원 이상
가입기간 : 1개월~36개월",,20250820,,202508200942
202508,0014674,01013000110000000001,S,단리,6,2.5,2.5,주식회사 케이뱅크,코드K 정기예금,스마트폰,"만기 후 
- 1개월 이내 : 만기시점 기본금리 X 50%
- 1개월 초과~6개월 이내 : 만기시점 기본금리 X 30%
- 6개월 초과 : 연 0.20%",우대조건 없음,제한없음,만 17세 이상 실명의 개인 및 개인사업자,"가입금액 : 1백만원 이상
가입기간 : 1개월~36개월",,20250820,,202508200942
202508,0014674,01013000110000000001,S,단리,12,2.5,2.5,주식회사 케이뱅크,코드K 정기예금,스마트폰,"만기 후 
- 1개월 이내 : 만기시점 기본금리 X 50%
- 1개월 초과~6개월 이내 : 만기시점 기본금리 X 30%
- 6개월 초과 : 연 0.20%",우대조건 없음,제한없음,만 17세 이상 실명의 개인 및 개인사업자,"가입금액 : 1백만원 이상
가입기간 : 1개월~36개월",,20250820,,202508200942
202508,0014674,01013000110000000001,S,단리,24,2.45,2.45,주식회사 케이뱅크,코드K 정기예금,스마트폰,"만기 후 
- 1개월 이내 : 만기시점 기본금리 X 50%
- 1개월 초과~6개월 이내 : 만기시점 기본금리 X 30%
- 6개월 초과 : 연 0.20%",우대조건 없음,제한없음,만 17세 이상 실명의 개인 및 개인사업자,"가입금액 : 1백만원 이상
가입기간 : 1개월~36개월",,20250820,,202508200942
202508,0014674,01013000110000000001,S,단리,36,2.45,2.45,주식회사 케이뱅크,코드K 정기예금,스마트폰,"만기 후 
- 1개월 이내 : 만기시점 기본금리 X 50%
- 1개월 초과~6개월 이내 : 만기시점 기본금리 X 30%
- 6개월 초과 : 연 0.20%",우대조건 없음,제한없음,만 17세 이상 실명의 개인 및 개인사업자,"가입금액 : 1백만원 이상
가입기간 : 1개월~36개월",,20250820,,202508200942
202508,0014807,10120110400011,S,단리,12,2.1,2.5,수협은행,"Sh평생주거래우대예금
(만기일시지급식)",영업점,"* 만기후 1년 이내
 - 만기당시 일반정기예금(월이자지급식) 계약기간별 기본금리 1/2
* 만기후 1년 초과
 - 만기당시 보통예금 기본금리","* 최대우대금리 : 0.4%
1. 거래고객우대금리 : 최대0.1% (신규시) 
 -최초예적금고객/재예치/장기거래 각 0.05% 
2. 거래실적우대금리 : 최대0.3% (만기시)
 -급여,연금이체등/수협카드결제/공과금이체등 각0.1%",제한없음,실명의 개인,"- 1인 1계좌
- 최저 100만원 이상",,20250821,99991231,202508211010
202508,0014807,10120114300011,S,단리,6,2.4,2.75,수협은행,"Sh해양플라스틱Zero!예금
(만기일시지급식)","영업점,인터넷,스마트폰","* 만기후 
-1개월 이내: 만기당시 일반정기예금(월이자지급식) 계약기간별 기본금리 1/2
-1개월초과~3개월 이내: 만기당시 일반정기예금(월이자지급식) 기본금리의 1/4
- 3개월 초과: 만기당시 보통예금 기본금리","* 최대우대금리:0.35%
1. 해양플라스틱감축서약 : 0.1% (신규시) 
2. 봉사활동 또는 상품홍보 : 0.15% (만기시) 
3. 입출금통장 최초신규 : 0.1% (만기시)
4. 자동이체 출금실적 : 0.1% (만기시)
 - 수협신용카드 / 당행 펀드 또는 적금 / 수협체크카드",제한없음,실명의 개인,"- 1인 다계좌 가능. 
  단,  합산금액 5억원 이내 
- 최저 100만원 이상",500000000.0,20250821,99991231,202508211010
202508,0014807,10120114300011,S,단리,12,2.4,2.75,수협은행,"Sh해양플라스틱Zero!예금
(만기일시지급식)","영업점,인터넷,스마트폰","* 만기후 
-1개월 이내: 만기당시 일반정기예금(월이자지급식) 계약기간별 기본금리 1/2
-1개월초과~3개월 이내: 만기당시 일반정기예금(월이자지급식) 기본금리의 1/4
- 3개월 초과: 만기당시 보통예금 기본금리","* 최대우대금리:0.35%
1. 해양플라스틱감축서약 : 0.1% (신규시) 
2. 봉사활동 또는 상품홍보 : 0.15% (만기시) 
3. 입출금통장 최초신규 : 0.1% (만기시)
4. 자동이체 출금실적 : 0.1% (만기시)
 - 수협신용카드 / 당행 펀드 또는 적금 / 수협체크카드",제한없음,실명의 개인,"- 1인 다계좌 가능. 
  단,  합산금액 5억원 이내 
- 최저 100만원 이상",500000000.0,20250821,99991231,202508211010
202508,0014807,10120114700011,S,단리,3,2.65,2.65,수협은행,헤이(Hey)정기예금,"인터넷,스마트폰","* 만기후 
-1개월 이내: 만기당시 일반정기예금(월이자지급식) 계약기간별 기본금리 1/2
-1개월초과~3개월 이내: 만기당시 일반정기예금(월이자지급식) 기본금리의 1/4
- 3개월 초과: 만기당시 보통예금 기본금리",없음,제한없음,실명의 개인,"-1인 다계좌 가능.
 단, 합산금액 최대 10억원 이내
-최저 10만원 이상",1000000000.0,20250821,99991231,202508211010
202508,0014807,10120114700011,S,단리,6,2.7,2.7,수협은행,헤이(Hey)정기예금,"인터넷,스마트폰","* 만기후 
-1개월 이내: 만기당시 일반정기예금(월이자지급식) 계약기간별 기본금리 1/2
-1개월초과~3개월 이내: 만기당시 일반정기예금(월이자지급식) 기본금리의 1/4
- 3개월 초과: 만기당시 보통예금 기본금리",없음,제한없음,실명의 개인,"-1인 다계좌 가능.
 단, 합산금액 최대 10억원 이내
-최저 10만원 이상",1000000000.0,20250821,99991231,202508211010
202508,0014807,10120114700011,S,단리,12,2.7,2.7,수협은행,헤이(Hey)정기예금,"인터넷,스마트폰","* 만기후 
-1개월 이내: 만기당시 일반정기예금(월이자지급식) 계약기간별 기본금리 1/2
-1개월초과~3개월 이내: 만기당시 일반정기예금(월이자지급식) 기본금리의 1/4
- 3개월 초과: 만기당시 보통예금 기본금리",없음,제한없음,실명의 개인,"-1인 다계좌 가능.
 단, 합산금액 최대 10억원 이내
-최저 10만원 이상",1000000000.0,20250821,99991231,202508211010
202508,0014807,10120116100011,S,단리,12,1.85,2.9,수협은행,Sh첫만남우대예금,"인터넷,스마트폰","* 만기후 
-1개월 이내: 만기당시 일반정기예금(월이자지급식) 계약기간별 기본금리 1/2
-1개월초과~3개월 이내: 만기당시 일반정기예금(월이자지급식) 기본금리의 1/4
- 3개월 초과: 만기당시 보통예금 기본금리","* 최대우대금리:1.05%
1. 첫거래우대 : 1.0% (신규시) 
  - 최근 1년간 수협은행 예적금 활동계좌 미보유 고객포함
2. 마케팅전체동의 : 0.05%(신규시) 
3. 스마트폰뱅킹의 상품알리기 : 0.80%(만기시)",제한없음,실명의 개인,"-1인 1계좌
-최저 100만원 이상",10000000.0,20250821,99991231,202508211010
202508,0015130,10-01-20-388-0002,S,단리,1,2.45,2.45,주식회사 카카오뱅크,카카오뱅크 정기예금,스마트폰,"- 만기 후 1개월 이내 : 가입(또는 자동연장)시점 기본금리x50%
- 만기 후 1개월초과 3개월 이내 : 가입(또는 자동연장)시점 기본금리x30%
- 만기 후 3개월 초과 : 0.20%",※복잡한 우대조건 없이 가입가능한 정기예금,제한없음,만 14세 이상의 실명의 개인,"1. 가입방법 : 스마트폰
2. 가입금액 : 100만원 이상(원단위)
3. 가입기간 : 1개월 이상 ~ 36개월 이하(월, 일단위 지정 가능)",,20250820,,202508201146
202508,0015130,10-01-20-388-0002,S,단리,3,2.5,2.5,주식회사 카카오뱅크,카카오뱅크 정기예금,스마트폰,"- 만기 후 1개월 이내 : 가입(또는 자동연장)시점 기본금리x50%
- 만기 후 1개월초과 3개월 이내 : 가입(또는 자동연장)시점 기본금리x30%
- 만기 후 3개월 초과 : 0.20%",※복잡한 우대조건 없이 가입가능한 정기예금,제한없음,만 14세 이상의 실명의 개인,"1. 가입방법 : 스마트폰
2. 가입금액 : 100만원 이상(원단위)
3. 가입기간 : 1개월 이상 ~ 36개월 이하(월, 일단위 지정 가능)",,20250820,,202508201146
202508,0015130,10-01-20-388-0002,S,단리,6,2.5,2.5,주식회사 카카오뱅크,카카오뱅크 정기예금,스마트폰,"- 만기 후 1개월 이내 : 가입(또는 자동연장)시점 기본금리x50%
- 만기 후 1개월초과 3개월 이내 : 가입(또는 자동연장)시점 기본금리x30%
- 만기 후 3개월 초과 : 0.20%",※복잡한 우대조건 없이 가입가능한 정기예금,제한없음,만 14세 이상의 실명의 개인,"1. 가입방법 : 스마트폰
2. 가입금액 : 100만원 이상(원단위)
3. 가입기간 : 1개월 이상 ~ 36개월 이하(월, 일단위 지정 가능)",,20250820,,202508201146
202508,0015130,10-01-20-388-0002,S,단리,12,2.5,2.5,주식회사 카카오뱅크,카카오뱅크 정기예금,스마트폰,"- 만기 후 1개월 이내 : 가입(또는 자동연장)시점 기본금리x50%
- 만기 후 1개월초과 3개월 이내 : 가입(또는 자동연장)시점 기본금리x30%
- 만기 후 3개월 초과 : 0.20%",※복잡한 우대조건 없이 가입가능한 정기예금,제한없음,만 14세 이상의 실명의 개인,"1. 가입방법 : 스마트폰
2. 가입금액 : 100만원 이상(원단위)
3. 가입기간 : 1개월 이상 ~ 36개월 이하(월, 일단위 지정 가능)",,20250820,,202508201146
202508,0015130,10-01-20-388-0002,S,단리,24,2.5,2.5,주식회사 카카오뱅크,카카오뱅크 정기예금,스마트폰,"- 만기 후 1개월 이내 : 가입(또는 자동연장)시점 기본금리x50%
- 만기 후 1개월초과 3개월 이내 : 가입(또는 자동연장)시점 기본금리x30%
- 만기 후 3개월 초과 : 0.20%",※복잡한 우대조건 없이 가입가능한 정기예금,제한없음,만 14세 이상의 실명의 개인,"1. 가입방법 : 스마트폰
2. 가입금액 : 100만원 이상(원단위)
3. 가입기간 : 1개월 이상 ~ 36개월 이하(월, 일단위 지정 가능)",,20250820,,202508201146
202508,0015130,10-01-20-388-0002,S,단리,36,2.5,2.5,주식회사 카카오뱅크,카카오뱅크 정기예금,스마트폰,"- 만기 후 1개월 이내 : 가입(또는 자동연장)시점 기본금리x50%
- 만기 후 1개월초과 3개월 이내 : 가입(또는 자동연장)시점 기본금리x30%
- 만기 후 3개월 초과 : 0.20%",※복잡한 우대조건 없이 가입가능한 정기예금,제한없음,만 14세 이상의 실명의 개인,"1. 가입방법 : 스마트폰
2. 가입금액 : 100만원 이상(원단위)
3. 가입기간 : 1개월 이상 ~ 36개월 이하(월, 일단위 지정 가능)",,20250820,,202508201146
202508,0017801,1001202000002,S,단리,3,2.4,2.4,토스뱅크 주식회사,토스뱅크 먼저 이자 받는 정기예금,스마트폰,"· 만기 후 1개월 이내 : 만기시점 기본금리 X 50% 
· 만기 후 1개월 초과 3개월 이내 : 만기시점 기본금리 X 20% 
· 만기 후 3개월 초과 : 연 0.10%",우대조건 없음,제한없음,토스뱅크 통장 또는 토스뱅크 서브 통장을 보유한 14세 이상 실명의 개인,"· 계약기간 : 3개월, 6개월 
· 가입금액 : 최소 1백만원 최대 10억원",1000000000.0,20250820,99991231,202508200946
202508,0017801,1001202000002,S,단리,6,2.4,2.4,토스뱅크 주식회사,토스뱅크 먼저 이자 받는 정기예금,스마트폰,"· 만기 후 1개월 이내 : 만기시점 기본금리 X 50% 
· 만기 후 1개월 초과 3개월 이내 : 만기시점 기본금리 X 20% 
· 만기 후 3개월 초과 : 연 0.10%",우대조건 없음,제한없음,토스뱅크 통장 또는 토스뱅크 서브 통장을 보유한 14세 이상 실명의 개인,"· 계약기간 : 3개월, 6개월 
· 가입금액 : 최소 1백만원 최대 10억원",1000000000.0,20250820,99991231,202508200946
